,,,Subdir,T2,Non-fat supressed T1,Pre-contrast,Post 1,Post 2,Post 3,Post 4,MIP,Other,??
,,,ax_3d_dyn_500,,,x,,,,,,,
,,,ax_3d_dyn_600,,,x,,,,,,,
,,,ax_3d_dyn_700,,,x,,,,,,,
,,,ax_3d_dyn_900,,,x,,,,,,,
,,,ax_3d_dyn_MP_500,,,x,,,,,,,
,,,ax_3d_dyn_MP_600,,,x,,,,,,,
,,,ax_3d_dyn_MP_700,,,x,,,,,,,
,,,ax_3d_dyn_MP_800,,,x,,,,,,,
,,,ax_3d_dyn_MP_900,,,x,,,,,,,
,,,ax_3d_dyn_PURE_6,,,x,,,,,,,
,,,ax_dyn_5,,,x,,,,,,,
,,,ax_dyn_7,,,x,,,,,,,
,,,ax_dyn_8,,,x,,,,,,,
,,,ax_dyn_9,,,x,,,,,,,
,,,ax_dyn_post_10,,,,x,x,x,x,,,
,,,ax_dyn_post_13,,,,x,x,x,x,,,
,,,ax_dyn_post_3_13,,,,x,x,x,x,,,
,,,ax_dyn_post_4_19,,,,x,x,x,x,,,
,,,ax_dyn_post_7,,,,x,x,x,x,,,
,,,ax_dynamic_1pre_5post_10,,,,x,x,x,x,,,
,,,ax_dynamic_1pre_5post_12,,,,x,x,x,x,,,
,,,ax_dynamic_1pre_5post_14,,,,x,x,x,x,,,
,,,ax_dynamic_1pre_5post_16,,,,x,x,x,x,,,
,,,ax_dynamic_1pre_5post_6,,,,x,x,x,x,,,
,,,ax_dynamic_1pre_5post_7,,,,x,x,x,x,,,
,,,ax_dynamic_500,,,x,,,,,,,
,,,ax_dynamic_600,,,x,,,,,,,
,,,ax_dynamic_700,,,x,,,,,,,
,,,ax_dynamic_800,,,x,,,,,,,
,,,ax_t1_+c_10,,x,,,,,,,,
,,,ax_t1_+c_12,,x,,,,,,,,
,,,ax_t1_2,,x,,,,,,,,
,,,ax_t1_2mm_3,,x,,,,,,,,
,,,ax_t1_2mm_4,,x,,,,,,,,
,,,ax_t1_2mm_5,,x,,,,,,,,
,,,ax_t1_3,,x,,,,,,,,
,,,ax_t1_3mm_3,,x,,,,,,,,
,,,ax_t1_4,,x,,,,,,,,
,,,ax_t1_5,,x,,,,,,,,
,,,ax_t1_6,,x,,,,,,,,
,,,ax_t1_7,,x,,,,,,,,
,,,ax_t1_post_5,,,,,,,,,x,
,,,ax_t1_tse_+c_17,x,,,,,,,,,
,,,ax_t1_tse_+c_18,x,,,,,,,,,
,,,ax_t1_tse_+c_21,x,,,,,,,,,
,,,ax_t1_tse_+c_22,x,,,,,,,,,
,,,ax_t1_tse_+c_23,x,,,,,,,,,
,,,ax_t1_tse_3,x,,,,,,,,,
,,,ax_views_10,,,,,,,,,x,
,,,ax_views_11,,,,,,,,,x,
,,,ax_views_12,,,,,,,,,x,
,,,ax_views_13,,,,,,,,,x,
,,,ax_views_16,,,,,,,,,x,
,,,axial_bilat_22,,,,,,,,,x,
,,,axial_bilateral_24,,,,,,,,,x,
,,,fl3d_ce_27,,,,,,,,,x,
,,,fl3d_ce_28,,,,,,,,,x,
,,,fl3d_ce_29,,,,,,,,,x,
,,,fl3d_ce_fs_1pre_5post_10,,,,x,x,x,x,,,
,,,fl3d_ce_fs_1pre_5post_11,,,,x,x,x,x,,,
,,,fl3d_ce_fs_1pre_5post_12,,,,x,x,x,x,,,
,,,fl3d_ce_fs_1pre_5post_13,,,,x,x,x,x,,,
,,,fl3d_ce_fs_1pre_5post_14,,,,x,x,x,x,,,
,,,fl3d_ce_fs_1pre_5post_15,,,,x,x,x,x,,,
,,,fl3d_ce_fs_1pre_5post_16,,,,x,x,x,x,,,
,,,fl3d_ce_fs_1pre_5post_17,,,,x,x,x,x,,,
,,,fl3d_ce_fs_1pre_5post_18,,,,x,x,x,x,,,
,,,fl3d_ce_fs_1pre_5post_5,,,,x,x,x,x,,,
,,,fl3d_ce_fs_1pre_5post_6,,,,x,x,x,x,,,
,,,fl3d_ce_fs_1pre_5post_7,,,,x,x,x,x,,,
,,,fl3d_ce_fs_1pre_5post_8,,,,x,x,x,x,,,
,,,fl3d_ce_fs_2min_hires_1+2_10,,,,,,,,,,x
,,,fl3d_ce_fs_2min_hires_1+2_4,,,,,,,,,,x
,,,fl3d_ce_fs_2min_hires_1+2_5,,,,,,,,,,x
,,,fl3d_ce_fs_2min_hires_1+2_6,,,,,,,,,,x
,,,fl3d_ce_fs_2min_hires_1+2_9,,,,,,,,,,x
,,,fl3d_ce_fs_VIEWS_18,,,,,,,,,x,
,,,fl3d_ce_fs_VIEWS_19,,,,,,,,,x,
,,,fl3d_ce_fs_VIEWS_20,,,,,,,,,x,
,,,gre_dyn_120sli_tra_20,,,,,,,,,x,
,,,gre_dyn_120sli_tra_21,,,,,,,,,x,
,,,gre_dyn_120sli_tra_22,,,,,,,,,x,
KINGSTON1,Du156Breastmri02202008,Breast - 1,'rt_13,,,,,,,,,x,
KINGSTON2,Du156Breastmri03242006,Breast_Clinical_Research_Breast - 1,(10334901164)(10334900164)_10901,,,,,,,,,x,
KINGSTON3,Du158Breastmri05112006,Breast_Clinical_Research_Hsh - 1,(10334902144)(10334900144)_10902,,,,,,,,,x,
KINGSTON4,Du158Breastmri06112008,Breast_General - 1,(1033490383)(1033490083)_10903,,,,,,,,,x,
,Du158Breastmri07242013,Breast_Mr_Guided_Biopsy - 1,(10334904165)(10334900165)_10904,,,,,,,,,x,
,Du158Breastmri12032008,Breast_Mr_Needle_Biopsy - 1,(10473501146)(10473500146)_10501,,,,,,,,,x,
,Du158Breastmri12172009,Breast_Routine - 1,(1047350284)(1047350084)_10502,,,,,,,,,x,
,Du160Breastmri04062007,Breast_Routine_Dynamic - 1,(104735035)(104735005)_10503,,,,,,,,,x,
,Du160Breastmri04152009,Breast_Routine_Dynamics - 1,(1142660157)(1142660057)_10601,,,,,,,,,x,
,Du160Breastmri04212008,Camrd_2014_Camrd290_Breast - 1,(11426602133)(11426600133)_10602,,,,,,,,,x,
,Du160Breastmri07012005,Clinical_Body_Clinical_Body - 1,(1142660321)(1142660021)_10603,,,,,,,,,x,
,Du160Breastmri09162010,Fixed_Camrd_Protocols_Bilat_Breast - 1,(117025011)(117025001)_10501,,,,,,,,,x,
,Du160Breastmri10102011,Mri_Breast - 1,(117025021)(117025001)_10502,,,,,,,,,x,
,Du160Breastmri12212004,Mri_Breast_Bilat_WWo_Onc - 1,(117025031)(117025001)_10503,,,,,,,,,x,
,Du176Breastmri02232006,Mri_Breast_Bilateral_WWo - 1,(1227150134)(1227150034)_10501,,,,,,,,,x,
,Du176Breastmri03172010,Mri_Breast_Bilateral_W_+_WO - 1,(12271502112)(12271500112)_10502,,,,,,,,,x,
,Du176Breastmri06152011,Mri_Breast_Bilateral_With_And_Without_Contrast - 1,(1227150348)(1227150048)_10503,,,,,,,,,x,
,Du176Breastmri12202007,Mri_Breast_Unilateral - 1,(1337150119)(1337150019)_10501,,,,,,,,,x,
,Du176Breastmri12222008,Mri_Breast_Unilateral_WWo - 1,(1337150214)(1337150014)_10502,,,,,,,,,x,
,Du17Breastmri01072010,Siemens_Erlangen_Breast - 1,(1337150333)(1337150033)_10503,,,,,,,,,x,
,Du17Breastmri01182012,Siemens_Erlangen__Breast_Breast - 1,(135666015)(135666005)_10601,,,,,,,,,x,
,Du17Breastmri01222009,,(1356660219)(1356660019)_10602,,,,,,,,,x,
,Du17Breastmri01222013,,(13566603140)(13566600140)_10603,,,,,,,,,x,
,Du17Breastmri01242011,,(1372650119)(1372650019)_10501,,,,,,,,,x,
,Du17Breastmri02182014,,(1372650259)(1372650059)_10502,,,,,,,,,x,
,Du17Breastmri02272007,,(1372650364)(1372650064)_10503,,,,,,,,,x,
,Du17Breastmri02272008,,(175175011)(175175001)_10501,,,,,,,,,x,
,Du17Breastmri03022015,,(175175021)(175175001)_10502,,,,,,,,,x,
,Du17Breastmri07022008,,(175175031)(175175001)_10503,,,,,,,,,x,
,Du17Breastmri07222005,,(1802601101)(1802600101)_10601,,,,,,,,,x,
,Du17Breastmri08112016,,(1802602124)(1802600124)_10602,,,,,,,,,x,
,Du17Breastmri081717,,(180260369)(180260069)_10603,,,,,,,,,x,
,Du183Breastmri01282013,,(18055011)(18055001)_10501,,,,,,,,,x,
,Du183Breastmri02162016,,(18055021)(18055001)_10502,,,,,,,,,x,
,Du183Breastmri02172015,,(18055031)(18055001)_10503,,,,,,,,,x,
,Du183Breastmri03202014,,(199950175)(199950075)_10501,,,,,,,,,x,
,Du183Breastmri04172008,,(199950235)(199950035)_10502,,,,,,,,,x,
,Du183Breastmri05072009,,(1999503135)(1999500135)_10503,,,,,,,,,x,
,Du183Breastmri05182012,,(206155011)(206155001)_10501,,,,,,,,,x,
,Du183Breastmri05252006,,(206155021)(206155001)_10502,,,,,,,,,x,
,Du183Breastmri06082007,,(206155031)(206155001)_10503,,,,,,,,,x,
,Du183Breastmri10262011,,(220385011)(220385001)_10501,,,,,,,,,x,
,Du185Breastmri01292007,,(220385021)(220385001)_10502,,,,,,,,,x,
,Du185Breastmri07302007,,(220385031)(220385001)_10503,,,,,,,,,x,
,Du185Breastmri07312006,,(2305011)(2305001)_10501,,,,,,,,,x,
,Du186Breastmri05112009,,(2305021)(2305001)_10502,,,,,,,,,x,
,Du186Breastmri05122010,,(2305031)(2305001)_10503,,,,,,,,,x,
,Du186Breastmri05232011,,(238650146)(238650046)_10501,,,,,,,,,x,
,Du186Breastmri12102012,,(2386502118)(2386500118)_10502,,,,,,,,,x,
,Du186Breastmri12212006,,(2386504157)(2386500157)_10504,,,,,,,,,x,
,Du192Breastmri01042011,,(25781423)(2578523)_101,,,,,,,,,x,
,Du192Breastmri01132010,,(2578659)(2578559)_100,,,,,,,,,x,
,Du192Breastmri01282016,,(2578756)(2578556)_101,,,,,,,,,x,
,Du192Breastmri05232008,,(2578871)(2578571)_101,,,,,,,,,x,
,Du192Breastmri06252009,,(2964601129)(2964600129)_10601,,,,,,,,,x,
,Du192Breastmri08032011,,(296460244)(296460044)_10602,,,,,,,,,x,
,Du192Breastmri09262006,,(2964603149)(2964600149)_10603,,,,,,,,,x,
,Du192Breastmri09302014,,(30685108)(30684108)_500,,,,,,,,,x,
,Du194Breastmri07012016,,(3068641)(3068441)_600,,,,,,,,,x,
,Du194Breastmri07062017,,(306879)(306849)_700,,,,,,,,,x,
,Du194Breastmri08102011,,(306897)(306847)_900,,,,,,,,,x,
,Du194Breastmri10012007,,(308950193)(308950093)_10501,,,,,,,,,x,
,Du194Breastmri10082008,,(308950229)(308950029)_10502,,,,,,,,,x,
,Du194Breastmri10212013,,(308950396)(308950096)_10503,,,,,,,,,x,
,Du194Breastmri10302009,,(3109601101)(3109600101)_10601,,,,,,,,,x,
,Du195Breastmri02172011,,(31096024)(31096004)_10602,,,,,,,,,x,
,Du195Breastmri02202007,,(3109603137)(3109600137)_10603,,,,,,,,,x,
,Du195Breastmri03172014,,(31480173)(31480073)_10801,,,,,,,,,x,
,Du195Breastmri07092012,,(314802145)(314800145)_10802,,,,,,,,,x,
,Du195Breastmri07132015,,(314803133)(314800133)_10803,,,,,,,,,x,
,Du195Breastmri10182006,,(334051)(334041)_500,,,,,,,,,x,
,Du195Breastmri11142011,,(334061)(334041)_600,,,,,,,,,x,
,Du195Breastmri11162007,,(334071)(334041)_700,,,,,,,,,x,
,Du195Breastmri11192008,,(334091)(334041)_900,,,,,,,,,x,
,Du195Breastmri12032009,,(350851)(350841)_500,,,,,,,,,x,
,Du199Breastmri03022011,,(350861)(350841)_600,,,,,,,,,x,
,Du199Breastmri03092006,,(350871)(350841)_700,,,,,,,,,x,
,Du199Breastmri04272012,,(350891)(350841)_900,,,,,,,,,x,
,Du199Breastmri10202006,,(3584101)(358451)_105,,,,,,,,,x,
,Du249Breastmri02262010,,(3584101)(358451)_106,,,,,,,,,x,
,Du249Breastmri03202013,,(358461)(358451)_107,,,,,,,,,x,
,Du249Breastmri04292011,,(358461)(358451)_600,,,,,,,,,x,
,Du249Breastmri05232014,,(358471)(358451)_103,,,,,,,,,x,
,Du249Breastmri08202009,,(358481)+(358451)_108,,,,,,,,,x,
,Du249Breastmri11152011,,(38206011)(38206001)_10601,,,,,,,,,x,
,Du249Breastmri11262014,,(38206021)(38206001)_10602,,,,,,,,,x,
,Du281Breastmri02122015,,(38206031)(38206001)_10603,,,,,,,,,x,
,Du281Breastmri02162012,,(39165102)(39164102)_100,,,,,,,,,x,
,Du281Breastmri02172016,,(3916670)(3916470)_100,,,,,,,,,x,
,Du281Breastmri03062014,,(3916791)(3916491)_100,,,,,,,,,x,
,Du281Breastmri03152013,,(3916924)(3916424)_100,,,,,,,,,x,
,Du281Breastmri04072011,,(401170117)(401170017)_10701,,,,,,,,,x,
,Du281Breastmri04122017,,(401170212)(401170012)_10702,,,,,,,,,x,
,Du281Breastmri04232009,,(40117037)(40117007)_10703,,,,,,,,,x,
,Du281Breastmri05212010,,(40535011)(40535001)_10501,,,,,,,,,x,
,Du281Breastmri08192011,,(40535021)(40535001)_10502,,,,,,,,,x,
,Du30Breastmri02162011,,(40535031)(40535001)_10503,,,,,,,,,x,
,Du30Breastmri04272007,,(409951)(409941)_500,,,,,,,,,x,
,Du30Breastmri06042008,,(409961)(409941)_600,,,,,,,,,x,
,Du30Breastmri07022004,,(409971)(409941)_700,,,,,,,,,x,
,Du30Breastmri08052011,,(409991)(409941)_900,,,,,,,,,x,
,Du30Breastmri08122014,,(4886101)(488661)_1000,,,,,,,,,x,
,Du30Breastmri08202009,,(488671)(488661)_700,,,,,,,,,x,
,Du30Breastmri09162010,,(488681)(488661)_800,,,,,,,,,x,
,Du30Breastmri11242003,,(488691)(488661)_900,,,,,,,,,x,
,Du30Breastmri11252003,,(4918513)(4918313)_500,,,,,,,,,x,
,Du30Breastmri12072007,,(491867)(491837)_600,,,,,,,,,x,
,Du35Breastmri01192005,,(491877)(491837)_700,,,,,,,,,x,
,Du35Breastmri04042008,,(4918826)(4918326)_800,,,,,,,,,x,
,Du35Breastmri05082009,,(52801126)(52800126)_10801,,,,,,,,,x,
,Du35Breastmri09282006,,(5280253)(5280053)_10802,,,,,,,,,x,
,Du35Breastmri11162006,,(5280330)(5280030)_10803,,,,,,,,,x,
,Du35Breastmri11212003,,(5312501154)(5312500154)_10501,,,,,,,,,x,
,Du368Breastmri03152011,,(5312502142)(5312500142)_10502,,,,,,,,,x,
,Du368Breastmri05182010,,(531250344)(531250044)_10503,,,,,,,,,x,
,Du390Breastmri06202011,,(565550112)(565550012)_10501,,,,,,,,,x,
,Du39Breastmri01142008,,(5655502152)(5655500152)_10502,,,,,,,,,x,
,Du39Breastmri01222009,,(565550346)(565550046)_10503,,,,,,,,,x,
,Du39Breastmri01252010,,(565550442)(565550042)_10504,,,,,,,,,x,
,Du39Breastmri02022011,,(572780138)(572780038)_10801,,,,,,,,,x,
,Du39Breastmri02062013,,(572780227)(572780027)_10802,,,,,,,,,x,
,Du39Breastmri02092012,,(5727803146)(5727800146)_10803,,,,,,,,,x,
,Du39Breastmri08022007,,(572780454)(572780054)_10804,,,,,,,,,x,
,Du39Breastmri08262004,,(645360194)(645360094)_10601,,,,,,,,,x,
,Du39Breastmri09182013,,(645360260)(645360060)_10602,,,,,,,,,x,
,Du427Breastmri03222012,,(645360395)(645360095)_10603,,,,,,,,,x,
,Du427Breastmri06042008,,(645360485)(645360085)_10604,,,,,,,,,x,
,Du427Breastmri06112007,,(6810601138)(6810600138)_10601,,,,,,,,,x,
,Du427Breastmri06122006,,(68106028)(68106008)_10602,,,,,,,,,x,
,Du427Breastmri06262013,,(681060324)(681060024)_10603,,,,,,,,,x,
,Du427Breastmri08022010,,(681060431)(681060031)_10604,,,,,,,,,x,
,Du427Breastmri08032011,,(68935011)(68935001)_10501,,,,,,,,,x,
,Du427Breastmri08062009,,(68935021)(68935001)_10502,,,,,,,,,x,
,Du481Breastmri02042011,,(68935031)(68935001)_10503,,,,,,,,,x,
,Du481Breastmri08192003,,(69046019)(69046009)_10601,,,,,,,,,x,
,Du481Breastmri12072012,,(690460237)(690460037)_10602,,,,,,,,,x,
,Du49Breastmri01112012,,(6904603128)(6904600128)_10603,,,,,,,,,x,
,Du49Breastmri01172006,,(690460415)(690460015)_10604,,,,,,,,,x,
,Du49Breastmri02192007,,(69047158)(69045158)_700,,,,,,,,,x,
,Du49Breastmri03122013,,(716450130)(716450030)_10501,,,,,,,,,x,
,Du49Breastmri03132008,,(7164502132)(7164500132)_10502,,,,,,,,,x,
,Du49Breastmri03302009,,(7164503144)(7164500144)_10503,,,,,,,,,x,
,Du49Breastmri05242005,,(716450443)(716450043)_10504,,,,,,,,,x,
,Du49Breastmri06182009,,(721850125)(721850025)_10501,,,,,,,,,x,
,Du49Breastmri07182017,,(721850245)(721850045)_10502,,,,,,,,,x,
,Du49Breastmri07212005,,(72185038)(72185008)_10503,,,,,,,,,x,
,Du49Breastmri11242014,,(721850410)(721850010)_10504,,,,,,,,,x,
,Du51Breastmri03032008,,(738660154)(738660054)_10601,,,,,,,,,x,
,Du51Breastmri05132009,,(738660222)(738660022)_10602,,,,,,,,,x,
,Du51Breastmri06172011,,(7386603166)(7386600166)_10603,,,,,,,,,x,
,Du51Breastmri06222004,,(738660450)(738660050)_10604,,,,,,,,,x,
,Du51Breastmri06222005,,(7466501104)(7466500104)_10501,,,,,,,,,x,
,Du51Breastmri12102010,,(746650246)(746650046)_10502,,,,,,,,,x,
,Du63Breastmri04202007,,(746650415)(746650015)_10504,,,,,,,,,x,
,Du63Breastmri08272004,,(772990125)(772990025)_10901,,,,,,,,,x,
,Du63Breastmri12212005,,(772990259)(772990059)_10902,,,,,,,,,x,
,Du64Breastmri04202007,,(772990370)(772990070)_10903,,,,,,,,,x,
,Du64Breastmri05252005,,(796450152)(796450052)_10501,,,,,,,,,x,
,Du64Breastmri08272004,,(796450242)(796450042)_10502,,,,,,,,,x,
,Du64Breastmri12212005,,(7964503135)(7964500135)_10503,,,,,,,,,x,
,Du77Breastmri03152007,,(79965011)(79965001)_10501,,,,,,,,,x,
,Du77Breastmri07202005,,(79965021)(79965001)_10502,,,,,,,,,x,
,Du77Breastmri10182006,,(79965031)(79965001)_10503,,,,,,,,,x,
,Du77Breastmri10262004,,(844080161)(844080061)_10801,,,,,,,,,x,
,Du77Breastmri12202005,,(8440802156)(8440800156)_10802,,,,,,,,,x,
,Du77Breastmri7132005,,(84408036)(84408006)_10803,,,,,,,,,x,
,Du95Breastmri03222005,,(8440804124)(8440800124)_10804,,,,,,,,,x,
,Du95Breastmri05232011,,(8524701159)(8524700159)_10701,,,,,,,,,x,
,Du95Breastmri05302007,,(8524702161)(8524700161)_10702,,,,,,,,,x,
,Du95Breastmri10082009,,(852470347)(852470047)_10703,,,,,,,,,x,
,Du95Breastmri10282005,,(852470450)(852470050)_10704,,,,,,,,,x,
,Du95Breastmri10282014,,(862650146)(862650046)_10501,,,,,,,,,x,
,Du95Breastmri11152010,,(8626502100)(8626500100)_10502,,,,,,,,,x,
,Du95Breastmri11282007,,(862650394)(862650094)_10503,,,,,,,,,x,
,Du96Breastmri04092009,,(921701147)(921700147)_10701,,,,,,,,,x,
,Du96Breastmri04172008,,(921702167)(921700167)_10702,,,,,,,,,x,
,Du96Breastmri06292006,,(921704112)(921700112)_10704,,,,,,,,,x,
,Du96Breastmri07292004,,(93755011)(93755001)_10501,,,,,,,,,x,
,Du96Breastmri09072005,,(93755021)(93755001)_10502,,,,,,,,,x,
,Du98Breastmri01252005,,(93755031)(93755001)_10503,,,,,,,,,x,
,Du98Breastmri01252008,,(93755041)(93755001)_10504,,,,,,,,,x,
,Du98Breastmri02042009,,(9501601145)(9501600145)_10601,,,,,,,,,x,
,Du98Breastmri03212006,,(95016026)(95016006)_10602,,,,,,,,,x,
,Du98Breastmri07242007,,(9501603151)(9501600151)_10603,,,,,,,,,x,
,Du98Breastmri10172006,,(9501604114)(9501600114)_10604,,,,,,,,,x,
,Du98Breastmri12132005,,(970150173)(970150073)_10501,,,,,,,,,x,
,Du98Breastmri12212005,,(970150241)(970150041)_10502,,,,,,,,,x,
,Grant30331726901Lbbreastmri08102004,,(970150340)(970150040)_10503,,,,,,,,,x,
,Grant30331726901Lbbreastmri09072005,,(9701504160)(9701500160)_10504,,,,,,,,,x,
,Mri108Breastmri02292008,,(97360127)(97360027)_10601,,,,,,,,,x,
,Mri108Breastmri03112011,,(97360241)(97360041)_10602,,,,,,,,,x,
,Mri108Breastmri03302010,,(973603130)(973600130)_10603,,,,,,,,,x,
,Mri108Breastmri04162014,,1ST_AXIAL_MIP_104,,,,,,,,x,,
,Mri108Breastmri05112015,,1ST_AXIAL_SUB_MIP_10503,,,,,,,,x,,
,Mri125Breastmri01122005,,1ST_DYN_LEFT_REFORMAT_110,,,,,,,,,x,
,Mri125Breastmri02222010,,1ST_DYN_LEFT_REFORMAT_505,,,,,,,,,x,
,Mri125Breastmri04272011,,1ST_DYN_RIGHT_REFORMAT_111,,,,,,,,,x,
,Mri125Breastmri05012008,,1ST_DYN_RIGHT_REFORMAT_112,,,,,,,,,x,
,Mri125Breastmri08122009,,1ST_DYN_RIGHT_REFORMAT_506,,,,,,,,,x,
,Mri289Breastmri02282012,,1ST_LEFT_MIP_105,,,,,,,,x,,
,Mri289Breastmri03212011,,1ST_LEFT_SUB_MIP_10504,,,,,,,,x,,
,Mri289Breastmri07222009,,1ST_PASS_AXIAL_501,,,,x,,,,,,
,Mri289Breastmri08262010,,1ST_PASS_AXIAL_MIP_101,,,,,,,,x,,
,,,1ST_PASS_AXIAL_MIP_10605,,,,,,,,x,,
,,,1ST_PASS_DYN_LEFT_REFORMAT_503,,,,,,,,,x,
,,,1ST_PASS_DYN_RIGHT_REFORMAT_504,,,,,,,,,x,
,,,1ST_PASS_LEFT_502,,,,,,,,,x,
,,,1ST_PASS_LEFT_BREAST_502,,,,,,,,,x,
,,,1ST_PASS_LEFT_MIP_102,,,,,,,,x,,
,,,1ST_PASS_LEFT_MIP_10606,,,,,,,,x,,
,,,1ST_PASS_LEFT_REFORMAT_603,,,,,,,,,x,
,,,1ST_PASS_LEFT_SUB_REFORMAT_10603,,,,,,,,,x,
,,,1ST_PASS_RIGHT_503,,,,,,,,,x,
,,,1ST_PASS_RIGHT_BREAST_503,,,,,,,,,x,
,,,1ST_PASS_RIGHT_MIP_103,,,,,,,,x,,
,,,1ST_PASS_RIGHT_MIP_10607,,,,,,,,x,,
,,,1ST_PASS_RIGHT_REFORMAT_604,,,,,,,,,x,
,,,1ST_PASS_RIGHT_SUB_REFORMAT_10604,,,,,,,,,x,
,,,1ST_PASS_SUB_AXIAL_MIP_10505,,,,,,,,x,,
,,,1ST_PASS_SUB_LEFT_REFORMAT_10503,,,,,,,,,x,
,,,1ST_PASS_SUB_LEFT_SAG_MIP_10506,,,,,,,,x,,
,,,1ST_PASS_SUB_RIGHT_REFORMAT_10504,,,,,,,,,x,
,,,1ST_PASS_SUB_RIGHT_SAG_MIP_10507,,,,,,,,x,,
,,,1ST_RIGHT_MIP_106,,,,,,,,x,,
,,,1ST_RIGHT_SUB_MIP_10505,,,,,,,,x,,
,,,1ST_SUB_LEFT_REFORMAT_10509,,,,,,,,,x,
,,,1ST_SUB_LEFT_REFORMAT_113,,,,,,,,,x,
,,,1ST_SUB_RIGHT_REFORMAT_10510,,,,,,,,,x,
,,,1ST_SUB_RIGHT_REFORMA_114,,,,,,,,,x,
,,,1st_Pass_Axial_Breast_MipMIP_Collection_109,,,,,,,,x,,
,,,1st_Pass_Axial_Breast_Mip_10505,,,,,,,,x,,
,,,1st_Pass_Axial_Breast_Mip_501,,,,,,,,x,,
,,,1st_Pass_Left_Breast_MipMIP_Collection_107,,,,,,,,x,,
,,,1st_Pass_Left_Breast_Mip_10506,,,,,,,,x,,
,,,1st_Pass_Left_Breast_Mip_502,,,,,,,,x,,
,,,1st_Pass_Left_Breast_Reformats_100,,,,,,,,,x,
,,,1st_Pass_Left_Breast_Reformats_503,,,,,,,,,x,
,,,1st_Pass_Left_Breast_Reformats_Sub_103,,,,,,,,,x,
,,,1st_Pass_Left_Breast_Reformats_Sub_10503,,,,,,,,,x,
,,,1st_Pass_Right_Breast_MipMIP_Collection_108,,,,,,,,x,,
,,,1st_Pass_Right_Breast_Mip_10507,,,,,,,,x,,
,,,1st_Pass_Right_Breast_Mip_503,,,,,,,,x,,
,,,1st_Pass_Right_Breast_Reformats_101,,,,,,,,,x,
,,,1st_Pass_Right_Breast_Reformats_504,,,,,,,,,x,
,,,1st_Pass_Right_Breast_Reformats_Sub_104,,,,,,,,,x,
,,,1st_Pass_Right_Breast_Reformats_Sub_10504,,,,,,,,,x,
,,,1st_Pass_Sub_102,,,,,,,,,x,
,,,1st_ax_dyn_6,,,,x,,,,,,
,,,1st_ax_mip_508,,,,,,,,x,,
,,,1st_left_mip_510,,,,,,,,x,,
,,,1st_pass_10503,,,,x,,,,,,
,,,1st_pass_ax_mipMIP_Collection_104,,,,,,,,x,,
,,,1st_pass_ax_mip_10505,,,,,,,,x,,
,,,1st_pass_ax_mip_10506,,,,,,,,x,,
,,,1st_pass_ax_mip_10806,,,,,,,,x,,
,,,1st_pass_ax_mip_604,,,,,,,,x,,
,,,1st_pass_axialMIP_Collection_19,,,,,,,,x,,
,,,1st_pass_axial_dyn_mip_10602,,,,,,,,x,,
,,,1st_pass_axial_mip_104,,,,,,,,x,,
,,,1st_pass_axial_mip_10506,,,,,,,,x,,
,,,1st_pass_axial_mip_10606,,,,,,,,x,,
,,,1st_pass_axial_mip_10607,,,,,,,,x,,
,,,1st_pass_axial_mip_10706,,,,,,,,x,,
,,,1st_pass_axial_mip_10806,,,,,,,,x,,
,,,1st_pass_axial_mip_10907,,,,,,,,x,,
,,,1st_pass_axial_mip_20,,,,,,,,x,,
,,,1st_pass_axial_sub_mip_104,,,,,,,,x,,
,,,1st_pass_axial_sub_mip_10502,,,,,,,,x,,
,,,1st_pass_axial_sub_mip_10506,,,,,,,,x,,
,,,1st_pass_axial_sub_mip_10602,,,,,,,,x,,
,,,1st_pass_axial_sub_mip_10603,,,,,,,,x,,
,,,1st_pass_dyn_left_reformat_503,,,,,,,,,x,
,,,1st_pass_dyn_right_reformat_504,,,,,,,,,x,
,,,1st_pass_leftMIP_Collection_20,,,,,,,,x,,
,,,1st_pass_left_503,,,,,,,,,x,
,,,1st_pass_left_breast_sag_mip_10808,,,,,,,,x,,
,,,1st_pass_left_breast_sagittal_mip_10508,,,,,,,,x,,
,,,1st_pass_left_breast_sagittal_mip_10608,,,,,,,,x,,
,,,1st_pass_left_breast_sagittal_mip_10909,,,,,,,,x,,
,,,1st_pass_left_breast_sagittal_reformat_sub_10505,,,,,,,,,x,
,,,1st_pass_left_breast_sagittal_reformat_sub_10906,,,,,,,,,x,
,,,1st_pass_left_breast_sagittal_reformat_unsub_505,,,,,,,,,x,
,,,1st_pass_left_breast_sagittal_reformat_unsub_906,,,,,,,,,x,
,,,1st_pass_left_dyn_mpr_504,,,,,,,,,x,
,,,1st_pass_left_dyn_mpr_604,,,,,,,,,x,
,,,1st_pass_left_mip_21,,,,,,,,x,,
,,,1st_pass_left_mpr_100,,,,,,,,,x,
,,,1st_pass_left_mpr_505,,,,,,,,,x,
,,,1st_pass_left_mpr_702,,,,,,,,,x,
,,,1st_pass_left_mpr_8,,,,,,,,,x,
,,,1st_pass_left_reformat_11,,,,,,,,,x,
,,,1st_pass_left_reformat_803,,,,,,,,,x,
,,,1st_pass_left_sag_503,,,,,,,,,x,
,,,1st_pass_left_sag_dyn_mip_10604,,,,,,,,x,,
,,,1st_pass_left_sag_mip_10507,,,,,,,,x,,
,,,1st_pass_left_sag_mip_10708,,,,,,,,x,,
,,,1st_pass_left_sag_mip_10807,,,,,,,,x,,
,,,1st_pass_left_sag_mpr_100,,,,,,,,x,,
,,,1st_pass_left_sag_sub_mip_10511,,,,,,,,x,,
,,,1st_pass_left_sag_sub_mip_106,,,,,,,,x,,
,,,1st_pass_left_sag_sub_mip_10604,,,,,,,,x,,
,,,1st_pass_left_sag_sub_mip_10605,,,,,,,,x,,
,,,1st_pass_left_sagittal_mip_106,,,,,,,,x,,
,,,1st_pass_left_sagittal_mip_10608,,,,,,,,x,,
,,,1st_pass_left_sub_mip_10503,,,,,,,,x,,
,,,1st_pass_left_sub_mpr_10508,,,,,,,,,x,
,,,1st_pass_left_sub_mpr_10609,,,,,,,,,x,
,,,1st_pass_left_sub_reformat_15,,,,,,,,,x,
,,,1st_pass_left_sub_sag_mip_10604,,,,,,,,x,,
,,,1st_pass_left_subtraction_reformat_10804,,,,,,,,,x,
,,,1st_pass_lt_mpr_504,,,,,,,,,x,
,,,1st_pass_lt_sag__sub_mpr_102,,,,,,,,,x,
,,,1st_pass_lt_sag_mipMIP_Collection_105,,,,,,,,x,,
,,,1st_pass_lt_sag_mip_605,,,,,,,,x,,
,,,1st_pass_lt_sag_mpr_100,,,,,,,,,x,
,,,1st_pass_mips_104,,,,,,,,x,,
,,,1st_pass_mpr_left_100,,,,,,,,,x,
,,,1st_pass_mpr_left_19,,,,,,,,,x,
,,,1st_pass_mpr_lt_101,,,,,,,,,x,
,,,1st_pass_mpr_right_101,,,,,,,,,x,
,,,1st_pass_mpr_right_12,,,,,,,,,x,
,,,1st_pass_mpr_rt_100,,,,,,,,,x,
,,,1st_pass_rightMIP_Collection_21,,,,,,,,x,,
,,,1st_pass_right_505,,,,,,,,,x,
,,,1st_pass_right_breast_sag_mip_10807,,,,,,,,x,,
,,,1st_pass_right_breast_sagittal_mip_10507,,,,,,,,x,,
,,,1st_pass_right_breast_sagittal_mip_10607,,,,,,,,x,,
,,,1st_pass_right_breast_sagittal_mip_10908,,,,,,,,x,,
,,,1st_pass_right_breast_sagittal_reformat_sub_10504,,,,,,,,,x,
,,,1st_pass_right_breast_sagittal_reformat_sub_10905,,,,,,,,,x,
,,,1st_pass_right_breast_sagittal_reformat_unsub_504,,,,,,,,,x,
,,,1st_pass_right_breast_sagittal_reformat_unsub_905,,,,,,,,,x,
,,,1st_pass_right_dyn_mpr_505,,,,,,,,,x,
,,,1st_pass_right_dyn_mpr_605,,,,,,,,,x,
,,,1st_pass_right_mip_23,,,,,,,,x,,
,,,1st_pass_right_mpr_101,,,,,,,,,x,
,,,1st_pass_right_mpr_504,,,,,,,,,x,
,,,1st_pass_right_mpr_703,,,,,,,,,x,
,,,1st_pass_right_mpr_9,,,,,,,,,x,
,,,1st_pass_right_reformat_12,,,,,,,,,x,
,,,1st_pass_right_reformat_804,,,,,,,,,x,
,,,1st_pass_right_sag_504,,,,,,,,,x,
,,,1st_pass_right_sag_dyn_mip_10603,,,,,,,,x,,
,,,1st_pass_right_sag_mip_10508,,,,,,,,x,,
,,,1st_pass_right_sag_mip_10707,,,,,,,,x,,
,,,1st_pass_right_sag_mip_10808,,,,,,,,x,,
,,,1st_pass_right_sag_mpr_101,,,,,,,,,x,
,,,1st_pass_right_sag_sub_mip_105,,,,,,,,x,,
,,,1st_pass_right_sag_sub_mip_10508,,,,,,,,x,,
,,,1st_pass_right_sag_sub_mip_10603,,,,,,,,x,,
,,,1st_pass_right_sag_sub_mip_10604,,,,,,,,x,,
,,,1st_pass_right_sagittal_mip_105,,,,,,,,x,,
,,,1st_pass_right_sagittal_mip_10609,,,,,,,,x,,
,,,1st_pass_right_sub_mip_10504,,,,,,,,x,,
,,,1st_pass_right_sub_mpr_10509,,,,,,,,,x,
,,,1st_pass_right_sub_mpr_10610,,,,,,,,,x,
,,,1st_pass_right_sub_reformat_16,,,,,,,,,x,
,,,1st_pass_right_sub_sag_mip_10605,,,,,,,,x,,
,,,1st_pass_right_subtraction_reformat_10805,,,,,,,,,x,
,,,1st_pass_rt_mpr_503,,,,,,,,,x,
,,,1st_pass_rt_sag_mip_606,,,,,,,,x,,
,,,1st_pass_rt_sag_mprMIP_Collection_106,,,,,,,,x,,
,,,1st_pass_rt_sag_mpr_101,,,,,,,,,x,
,,,1st_pass_rt_sag_sub_mpr_103,,,,,,,,,x,
,,,1st_pass_sag_left_503,,,,,,,,,x,
,,,1st_pass_sag_left_mip_10506,,,,,,,,x,,
,,,1st_pass_sag_right_504,,,,,,,,,x,
,,,1st_pass_sag_right_mip_10507,,,,,,,,x,,
,,,1st_pass_sub_ax_MIPMIP_Collection_104,,,,,,,,x,,
,,,1st_pass_sub_ax_MIP_10505,,,,,,,,x,,
,,,1st_pass_sub_ax_MIP_10608,,,,,,,,x,,
,,,1st_pass_sub_ax_MIP_10806,,,,,,,,x,,
,,,1st_pass_sub_ax_mip_10504,,,,,,,,x,,
,,,1st_pass_sub_axial_mip_10505,,,,,,,,x,,
,,,1st_pass_sub_left_102,,,,,,,,,x,
,,,1st_pass_sub_left_mpr_10503,,,,,,,,,x,
,,,1st_pass_sub_left_reformat_10503,,,,,,,,,x,
,,,1st_pass_sub_left_sag_10504,,,,,,,,,x,
,,,1st_pass_sub_left_sag_MIPMIP_Collection_105,,,,,,,,x,,
,,,1st_pass_sub_left_sag_MIP_10506,,,,,,,,x,,
,,,1st_pass_sub_left_sag_MIP_10609,,,,,,,,x,,
,,,1st_pass_sub_left_sag_MIP_10807,,,,,,,,x,,
,,,1st_pass_sub_left_sag_MPR_102,,,,,,,,,x,
,,,1st_pass_sub_left_sag_MPR_10503,,,,,,,,,x,
,,,1st_pass_sub_left_sag_MPR_10605,,,,,,,,,x,
,,,1st_pass_sub_left_sag_MPR_10804,,,,,,,,,x,
,,,1st_pass_sub_left_sag_mip_10505,,,,,,,,x,,
,,,1st_pass_sub_left_sag_mip_10506,,,,,,,,x,,
,,,1st_pass_sub_left_sag_mpr_10510,,,,,,,,,x,
,,,1st_pass_sub_left_sag_mpr_10804,,,,,,,,,x,
,,,1st_pass_sub_mip_lt_105,,,,,,,,x,,
,,,1st_pass_sub_mip_rt_104,,,,,,,,x,,
,,,1st_pass_sub_mpr_left_110,,,,,,,,,x,
,,,1st_pass_sub_mpr_lt_103,,,,,,,,,x,
,,,1st_pass_sub_mpr_right_111,,,,,,,,,x,
,,,1st_pass_sub_mpr_rt_102,,,,,,,,,x,
,,,1st_pass_sub_right_103,,,,,,,,,x,
,,,1st_pass_sub_right_mpr_10504,,,,,,,,,x,
,,,1st_pass_sub_right_reformat_10504,,,,,,,,,x,
,,,1st_pass_sub_right_sag_10505,,,,,,,,,x,
,,,1st_pass_sub_right_sag_MIPMIP_Collection_106,,,,,,,,x,,
,,,1st_pass_sub_right_sag_MIP_10507,,,,,,,,x,,
,,,1st_pass_sub_right_sag_MIP_10610,,,,,,,,x,,
,,,1st_pass_sub_right_sag_MIP_10808,,,,,,,,x,,
,,,1st_pass_sub_right_sag_MPR_103,,,,,,,,,x,
,,,1st_pass_sub_right_sag_MPR_10504,,,,,,,,,x,
,,,1st_pass_sub_right_sag_MPR_10606,,,,,,,,,x,
,,,1st_pass_sub_right_sag_MPR_10805,,,,,,,,,x,
,,,1st_pass_sub_right_sag_mip_10506,,,,,,,,x,,
,,,1st_pass_sub_right_sag_mip_10507,,,,,,,,x,,
,,,1st_pass_sub_right_sag_mpr_10511,,,,,,,,,x,
,,,1st_pass_sub_right_sag_mpr_10805,,,,,,,,,x,
,,,1st_pass_sub_sag_left_10504,,,,,,,,,x,
,,,1st_pass_sub_sag_right_10505,,,,,,,,,x,
,,,1st_pass_unsub_left_100,,,,,,,,,x,
,,,1st_pass_unsub_left_mpr_502,,,,,,,,,x,
,,,1st_pass_unsub_left_sag_MPR_100,,,,,,,,,x,
,,,1st_pass_unsub_left_sag_MPR_503,,,,,,,,,x,
,,,1st_pass_unsub_left_sag_MPR_604,,,,,,,,,x,
,,,1st_pass_unsub_left_sag_MPR_803,,,,,,,,,x,
,,,1st_pass_unsub_left_sag_mpr_504,,,,,,,,,x,
,,,1st_pass_unsub_left_sag_mpr_804,,,,,,,,,x,
,,,1st_pass_unsub_mpr_left_108,,,,,,,,,x,
,,,1st_pass_unsub_mpr_right_109,,,,,,,,,x,
,,,1st_pass_unsub_right_101,,,,,,,,,x,
,,,1st_pass_unsub_right_mpr_503,,,,,,,,,x,
,,,1st_pass_unsub_right_sag_MPR_101,,,,,,,,,x,
,,,1st_pass_unsub_right_sag_MPR_504,,,,,,,,,x,
,,,1st_pass_unsub_right_sag_MPR_605,,,,,,,,,x,
,,,1st_pass_unsub_right_sag_MPR_804,,,,,,,,,x,
,,,1st_pass_unsub_right_sag_mpr_505,,,,,,,,,x,
,,,1st_pass_unsub_right_sag_mpr_805,,,,,,,,,x,
,,,1st_right_mip_512,,,,,,,,x,,
,,,1st_sub_ax_mip_10506,,,,,,,,x,,
,,,1st_sub_ax_mip_10705,,,,,,,,x,,
,,,1st_sub_axial_mip_106,,,,,,,,x,,
,,,1st_sub_leftMIP_Collection_104,,,,,,,,x,,
,,,1st_sub_leftMIP_Collection_24,,,,,,,,x,,
,,,1st_sub_left_10504,,,,,,,,,x,
,,,1st_sub_left_mipMIP_Collection_104,,,,,,,,x,,
,,,1st_sub_left_mipMIP_Collection_15,,,,,,,,x,,
,,,1st_sub_left_mip_10508,,,,,,,,x,,
,,,1st_sub_left_mip_10706,,,,,,,,x,,
,,,1st_sub_left_mip_18,,,,,,,,x,,
,,,1st_sub_left_mpr_10,,,,,,,,,x,
,,,1st_sub_left_mpr_102,,,,,,,,,x,
,,,1st_sub_left_mpr_10505,,,,,,,,,x,
,,,1st_sub_left_mpr_10703,,,,,,,,,x,
,,,1st_sub_left_mpr_13,,,,,,,,,x,
,,,1st_sub_left_sag_mip_104,,,,,,,,x,,
,,,1st_sub_left_sag_mpr_102,,,,,,,,,x,
,,,1st_sub_mip_axial_10506,,,,,,,,x,,
,,,1st_sub_mip_leftMIP_Collection_104,,,,,,,,x,,
,,,1st_sub_mip_left_10508,,,,,,,,x,,
,,,1st_sub_mip_rightMIP_Collection_105,,,,,,,,x,,
,,,1st_sub_mip_right_10510,,,,,,,,x,,
,,,1st_sub_mpr_left_102,,,,,,,,,x,
,,,1st_sub_mpr_left_16,,,,,,,,,x,
,,,1st_sub_mpr_left_502,,,,,,,,,x,
,,,1st_sub_mpr_right_103,,,,,,,,,x,
,,,1st_sub_mpr_right_17,,,,,,,,,x,
,,,1st_sub_mpr_right_503,,,,,,,,,x,
,,,1st_sub_pass_left_sag_mipMIP_Collection_104,,,,,,,,x,,
,,,1st_sub_pass_left_sag_mpr_102,,,,,,,,,x,
,,,1st_sub_pass_right_sag_mipMIP_Collection_105,,,,,,,,x,,
,,,1st_sub_pass_right_sag_mpr_103,,,,,,,,,x,
,,,1st_sub_rightMIP_Collection_105,,,,,,,,x,,
,,,1st_sub_rightMIP_Collection_25,,,,,,,,x,,
,,,1st_sub_right_10505,,,,,,,,,x,
,,,1st_sub_right_mipMIP_Collection_105,,,,,,,,x,,
,,,1st_sub_right_mipMIP_Collection_16,,,,,,,,x,,
,,,1st_sub_right_mip_10510,,,,,,,,x,,
,,,1st_sub_right_mip_10707,,,,,,,,x,,
,,,1st_sub_right_mip_19,,,,,,,,x,,
,,,1st_sub_right_mpr_103,,,,,,,,,x,
,,,1st_sub_right_mpr_10504,,,,,,,,,x,
,,,1st_sub_right_mpr_10704,,,,,,,,,x,
,,,1st_sub_right_mpr_14,,,,,,,,,x,
,,,1st_sub_right_sag_mip_105,,,,,,,,x,,
,,,1st_sub_right_sag_mpr_103,,,,,,,,,x,
,,,1st_subtracted_left_sagittal_reformat_10605,,,,,,,,,x,
,,,1st_subtracted_right_sagittal_reformat_10606,,,,,,,,,x,
,,,1st_unsub_mpr_left_100,,,,,,,,,x,
,,,1st_unsub_mpr_left_504,,,,,,,,,x,
,,,1st_unsub_mpr_right_101,,,,,,,,,x,
,,,1st_unsub_mpr_right_505,,,,,,,,,x,
,,,1st_unsubtracted_left_sagittal_reformat_605,,,,,,,,,x,
,,,1st_unsubtracted_right_sagittal_reformat_606,,,,,,,,,x,
,,,2ND_AXIAL_MIP_107,,,,,,,,x,,
,,,2ND_AXIAL_SUB_MIP_10506,,,,,,,,x,,
,,,2ND_LEFT_MIP_109,,,,,,,,x,,
,,,2ND_LEFT_SUB_MIP_10507,,,,,,,,x,,
,,,2ND_PASS_AXIAL_601,,,,,x,,,,,
,,,2ND_PASS_AXIAL_MIP_104,,,,,,,,x,,
,,,2ND_PASS_AXIAL_MIP_10608,,,,,,,,x,,
,,,2ND_PASS_LEFT_602,,,,,,,,,x,
,,,2ND_PASS_LEFT_BREAST_602,,,,,,,,,x,
,,,2ND_PASS_LEFT_MIP_105,,,,,,,,x,,
,,,2ND_PASS_LEFT_MIP_10609,,,,,,,,x,,
,,,2ND_PASS_RIGHT_603,,,,,,,,,x,
,,,2ND_PASS_RIGHT_BREAST_603,,,,,,,,,x,
,,,2ND_PASS_RIGHT_MIP_106,,,,,,,,x,,
,,,2ND_PASS_RIGHT_MIP_10610,,,,,,,,x,,
,,,2ND_PASS_SUB_AXIAL_MIP_10508,,,,,,,,x,,
,,,2ND_PASS_SUB_LEFT_SAG_MIP_10509,,,,,,,,x,,
,,,2ND_PASS_SUB_RIGHT_SAG_MIP_10510,,,,,,,,x,,
,,,2ND_RIGHT_MIP_108,,,,,,,,x,,
,,,2ND_RIGHT_SUB_MIP_10508,,,,,,,,x,,
,,,2nd_Pass_Axial_Breast_MipMIP_Collection_110,,,,,,,,x,,
,,,2nd_Pass_Axial_Breast_Mip_10508,,,,,,,,x,,
,,,2nd_Pass_Axial_Breast_Mip_601,,,,,,,,x,,
,,,2nd_Pass_Left_Breast_MipMIP_Collection_111,,,,,,,,x,,
,,,2nd_Pass_Left_Breast_Mip_10509,,,,,,,,x,,
,,,2nd_Pass_Left_Breast_Mip_602,,,,,,,,x,,
,,,2nd_Pass_Right_Breast_MipMIP_Collection_112,,,,,,,,x,,
,,,2nd_Pass_Right_Breast_Mip_10510,,,,,,,,x,,
,,,2nd_Pass_Right_Breast_Mip_603,,,,,,,,x,,
,,,2nd_Pass_Sub_105,,,,,,,,,x,
,,,2nd__pass_sub_right_113,,,,,,,,,x,
,,,2nd_ax_dyn_7,,,,,x,,,,,
,,,2nd_ax_mip_514,,,,,,,,x,,
,,,2nd_left_mip_516,,,,,,,,x,,
,,,2nd_pass_10506,,,,,x,,,,,
,,,2nd_pass_ax_mipMIP_Collection_107,,,,,,,,x,,
,,,2nd_pass_ax_mip_10508,,,,,,,,x,,
,,,2nd_pass_ax_mip_10509,,,,,,,,x,,
,,,2nd_pass_ax_mip_10809,,,,,,,,x,,
,,,2nd_pass_ax_mip_607,,,,,,,,x,,
,,,2nd_pass_axialMIP_Collection_22,,,,,,,,x,,
,,,2nd_pass_axial_mip_10509,,,,,,,,x,,
,,,2nd_pass_axial_mip_10609,,,,,,,,x,,
,,,2nd_pass_axial_mip_10610,,,,,,,,x,,
,,,2nd_pass_axial_mip_107,,,,,,,,x,,
,,,2nd_pass_axial_mip_10709,,,,,,,,x,,
,,,2nd_pass_axial_mip_10809,,,,,,,,x,,
,,,2nd_pass_axial_mip_10910,,,,,,,,x,,
,,,2nd_pass_axial_mip_24,,,,,,,,x,,
,,,2nd_pass_axial_sub_dyn_10607,,,,,,,,,x,
,,,2nd_pass_axial_sub_mip_10505,,,,,,,,x,,
,,,2nd_pass_axial_sub_mip_10512,,,,,,,,x,,
,,,2nd_pass_axial_sub_mip_10606,,,,,,,,x,,
,,,2nd_pass_axial_sub_mip_107,,,,,,,,x,,
,,,2nd_pass_axial_sub_mips_10607,,,,,,,,x,,
,,,2nd_pass_left_breast_sag_mip_10811,,,,,,,,x,,
,,,2nd_pass_left_breast_sagittal_mip_10511,,,,,,,,x,,
,,,2nd_pass_left_breast_sagittal_mip_10611,,,,,,,,x,,
,,,2nd_pass_left_breast_sagittal_mip_10912,,,,,,,,x,,
,,,2nd_pass_left_mip_26,,,,,,,,x,,
,,,2nd_pass_left_sag_mip_10510,,,,,,,,x,,
,,,2nd_pass_left_sag_mip_10711,,,,,,,,x,,
,,,2nd_pass_left_sag_mip_10810,,,,,,,,x,,
,,,2nd_pass_left_sag_sub_dyn_10609,,,,,,,,,x,
,,,2nd_pass_left_sag_sub_mip_10509,,,,,,,,x,,
,,,2nd_pass_left_sag_sub_mip_10607,,,,,,,,x,,
,,,2nd_pass_left_sag_sub_mip_10608,,,,,,,,x,,
,,,2nd_pass_left_sag_sub_mip_108,,,,,,,,x,,
,,,2nd_pass_left_sag_sub_mips_10609,,,,,,,,x,,
,,,2nd_pass_left_sagittal_mip_10611,,,,,,,,x,,
,,,2nd_pass_left_sagittal_mip_109,,,,,,,,x,,
,,,2nd_pass_left_sub_mip_10506,,,,,,,,x,,
,,,2nd_pass_left_sub_mip_108,,,,,,,,x,,
,,,2nd_pass_lt_sag_mipMIP_Collection_108,,,,,,,,x,,
,,,2nd_pass_lt_sag_mip_608,,,,,,,,x,,
,,,2nd_pass_mips_105,,,,,,,,x,,
,,,2nd_pass_right_breast_sag_mip_10810,,,,,,,,x,,
,,,2nd_pass_right_breast_sagittal_mip_10510,,,,,,,,x,,
,,,2nd_pass_right_breast_sagittal_mip_10610,,,,,,,,x,,
,,,2nd_pass_right_breast_sagittal_mip_10911,,,,,,,,x,,
,,,2nd_pass_right_mip_25,,,,,,,,x,,
,,,2nd_pass_right_sag_mip_10511,,,,,,,,x,,
,,,2nd_pass_right_sag_mip_10710,,,,,,,,x,,
,,,2nd_pass_right_sag_mip_10811,,,,,,,,x,,
,,,2nd_pass_right_sag_sub_dyn_10608,,,,,,,,,x,
,,,2nd_pass_right_sag_sub_mip_10510,,,,,,,,x,,
,,,2nd_pass_right_sag_sub_mip_10607,,,,,,,,x,,
,,,2nd_pass_right_sag_sub_mip_10608,,,,,,,,x,,
,,,2nd_pass_right_sag_sub_mip_109,,,,,,,,x,,
,,,2nd_pass_right_sag_sub_mips_10608,,,,,,,,x,,
,,,2nd_pass_right_sagittal_mip_10612,,,,,,,,x,,
,,,2nd_pass_right_sagittal_mip_108,,,,,,,,x,,
,,,2nd_pass_right_sub_mip_10507,,,,,,,,x,,
,,,2nd_pass_right_sub_mip_109,,,,,,,,x,,
,,,2nd_pass_rt_sag_mipMIP_Collection_109,,,,,,,,x,,
,,,2nd_pass_rt_sag_mip_609,,,,,,,,x,,
,,,2nd_pass_sag_left_mip_10509,,,,,,,,x,,
,,,2nd_pass_sag_right_mip_10510,,,,,,,,x,,
,,,2nd_pass_sub_ax_MIPMIP_Collection_107,,,,,,,,x,,
,,,2nd_pass_sub_ax_MIP_10508,,,,,,,,x,,
,,,2nd_pass_sub_ax_MIP_10611,,,,,,,,x,,
,,,2nd_pass_sub_ax_MIP_10809,,,,,,,,x,,
,,,2nd_pass_sub_ax_mip_10507,,,,,,,,x,,
,,,2nd_pass_sub_axial_mip_10510,,,,,,,,x,,
,,,2nd_pass_sub_left_107,,,,,,,,,x,
,,,2nd_pass_sub_left_sag_MIPMIP_Collection_109,,,,,,,,x,,
,,,2nd_pass_sub_left_sag_MIP_10509,,,,,,,,x,,
,,,2nd_pass_sub_left_sag_MIP_10612,,,,,,,,x,,
,,,2nd_pass_sub_left_sag_MIP_10810,,,,,,,,x,,
,,,2nd_pass_sub_left_sag_mip_10508,,,,,,,,x,,
,,,2nd_pass_sub_mip_lt_106,,,,,,,,x,,
,,,2nd_pass_sub_mip_rt_107,,,,,,,,x,,
,,,2nd_pass_sub_right_sag_MIPMIP_Collection_108,,,,,,,,x,,
,,,2nd_pass_sub_right_sag_MIP_10510,,,,,,,,x,,
,,,2nd_pass_sub_right_sag_MIP_10613,,,,,,,,x,,
,,,2nd_pass_sub_right_sag_MIP_10811,,,,,,,,x,,
,,,2nd_pass_sub_right_sag_mip_10509,,,,,,,,x,,
,,,2nd_pass_unsub_left_104,,,,,,,,,x,
,,,2nd_pass_unsub_right_106,,,,,,,,,x,
,,,2nd_right_mip_518,,,,,,,,x,,
,,,2nd_sub_ax_mip_10512,,,,,,,,x,,
,,,2nd_sub_ax_mip_10708,,,,,,,,x,,
,,,2nd_sub_axial_mip_109,,,,,,,,x,,
,,,2nd_sub_leftMIP_Collection_107,,,,,,,,x,,
,,,2nd_sub_leftMIP_Collection_26,,,,,,,,x,,
,,,2nd_sub_left_mipMIP_Collection_106,,,,,,,,x,,
,,,2nd_sub_left_mipMIP_Collection_17,,,,,,,,x,,
,,,2nd_sub_left_mip_10514,,,,,,,,x,,
,,,2nd_sub_left_mip_10709,,,,,,,,x,,
,,,2nd_sub_left_mip_21,,,,,,,,x,,
,,,2nd_sub_left_sag_mip_107,,,,,,,,x,,
,,,2nd_sub_mip_axial_10512,,,,,,,,x,,
,,,2nd_sub_mip_leftMIP_Collection_107,,,,,,,,x,,
,,,2nd_sub_mip_left_10514,,,,,,,,x,,
,,,2nd_sub_mip_rightMIP_Collection_106,,,,,,,,x,,
,,,2nd_sub_mip_right_10516,,,,,,,,x,,
,,,2nd_sub_pass_left_sag_mipMIP_Collection_109,,,,,,,,x,,
,,,2nd_sub_pass_right_sag_mipMIP_Collection_108,,,,,,,,x,,
,,,2nd_sub_rightMIP_Collection_106,,,,,,,,x,,
,,,2nd_sub_rightMIP_Collection_27,,,,,,,,x,,
,,,2nd_sub_right_mipMIP_Collection_107,,,,,,,,x,,
,,,2nd_sub_right_mipMIP_Collection_21,,,,,,,,x,,
,,,2nd_sub_right_mip_10516,,,,,,,,x,,
,,,2nd_sub_right_mip_10710,,,,,,,,x,,
,,,2nd_sub_right_mip_20,,,,,,,,x,,
,,,2nd_sub_right_sag_mip_108,,,,,,,,x,,
,,,3RD_PASS_AXIAL_701,,,,,,x,,,,
,,,3RD_PASS_LEFT_BREAST_702,,,,,,,,,x,
,,,3RD_PASS_RIGHT_BREAST_703,,,,,,,,,x,
,,,3_plane_loc_1,,,,,,,,,x,
,,,3_plane_loc_5,,,,,,,,,x,
,,,3_plane_loc_SSFSE_1,,,,,,,,,x,
,,,3_plane_loc_SSFSE_2,,,,,,,,,x,
,,,3_plane_loc_SSFSE_3,,,,,,,,,x,
,,,3_plane_loc_SSFSE_5,,,,,,,,,x,
,,,3d_dyn_2,,,x,,,,,,,
,,,3d_dyn_3,,,x,,,,,,,
,,,3d_dyn_4,,,x,,,,,,,
,,,3d_dyn_5,,,x,,,,,,,
,,,3rd_Pass_Sub_113,,,,,,,,,x,
,,,3rd_ax_dyn_8,,,,,,x,,,,
,,,4TH_PASS_AXIAL_901,,,,,,,x,,,
,,,4TH_PASS_LEFT_BREAST_902,,,,,,,,,x,
,,,4TH_PASS_RIGHT_BREAST_903,,,,,,,,,x,
,,,4th_Pass_Sub_114,,,,,,,,,x,
,,,4th_ax_dyn_14,,,,,,,x,,,
,,,AXIAL_1ST_PASS_601,,,,x,,,,,,
,,,AXIAL_1ST_PASS_701,,,,x,,,,,,
,,,AXIAL_2ND_PASS_700,,,,,x,,,,,
,,,AXIAL_2ND_PASS_801,,,,,x,,,,,
,,,AXIAL_SUB_MIP_1ST_DYN_PASS_10603,,,,,,,,x,,
,,,AXIAL_SUB_MIP_1ST_PASS_10703,,,,,,,,x,,
,,,AXIAL_SUB_MIP_2ND_DYN_PASS_10606,,,,,,,,x,,
,,,AXIAL_SUB_MIP_2ND_PASS_10708,,,,,,,,x,,
,,,AX_1ST_PASS_SUB_MIP_10505,,,,,,,,x,,
,,,AX_1ST_PASS_SUB_MIP_604,,,,,,,,x,,
,,,AX_2ND_PASS_SUB_MIP_10508,,,,,,,,x,,
,,,AX_2ND_PASS_SUB_MIP_607,,,,,,,,x,,
,,,AX_IDEAL_Breast_1004,,,,,,,,,x,
,,,AX_IDEAL_Breast_4,,,,,,,,,x,
,,,AX_IDEAL_Breast_604,,,,,,,,,x,
,,,AX_IDEAL_Breast_704,,,,,,,,,x,
,,,AX_IDEAL_Breast_904,,,,,,,,,x,
,,,AX_MIP_1ST_SUB_10904,,,,,,,,x,,
,,,AX_MIP_2ND_SUB_10905,,,,,,,,x,,
,,,Apparent_Diffusion_Coefficient_(mm2s)_501,,,,,,,,,x,
,,,Apparent_Diffusion_Coefficient_(mm2s)_601,,,,,,,,,x,
,,,Apparent_Diffusion_Coefficient_(mm2s)_703,,,,,,,,,x,
,,,Apparent_Diffusion_Coefficient_(mms)_501,,,,,,,,,x,
,,,Apparent_Diffusion_Coefficient_(mm¬≤s)_500,,,,,,,,,x,
,,,Ax_DWI_BH_10,,,,,,,,,x,
,,,Ax_DWI_BH_11,,,,,,,,,x,
,,,Ax_DWI_BH_4,,,,,,,,,x,
,,,Ax_DWI_BH_5,,,,,,,,,x,
,,,Ax_DWI_BH_6,,,,,,,,,x,
,,,Ax_DWI_BH_8,,,,,,,,,x,
,,,Ax_DWI_BH_repeat_12,,,,,,,,,x,
,,,Ax_T2_FS_9,x,,,,,,,,,
,,,Calibration_Scan_3,,,,,,,,,x,
,,,Exponential_Apparent_Diffusion_Coefficient_500,,,,,,,,,x,
,,,Exponential_Apparent_Diffusion_Coefficient_501,,,,,,,,,x,
,,,Exponential_Apparent_Diffusion_Coefficient_600,,,,,,,,,x,
,,,Exponential_Apparent_Diffusion_Coefficient_702,,,,,,,,,x,
,,,FATax_t2_ideal_600,x,,,,,,,,,
,,,FATax_vibrant_flex_700,,,,,,,,,x,
,,,First_Dynamic_Left_MPR_22,,,,,,,,,x,
,,,First_Dynamic_Left_MPR_505,,,,,,,,,x,
,,,First_Dynamic_Right_MPR_21,,,,,,,,,x,
,,,First_Dynamic_Right_MPR_504,,,,,,,,,x,
,,,First_Pass_Axial_MIP_10506,,,,,,,,x,,
,,,First_Pass_Left_BreastMIP_Collection_18,,,,,,,,x,,
,,,First_Pass_Left_MIP_10508,,,,,,,,x,,
,,,First_Pass_Right_BreastMIP_Collection_17,,,,,,,,x,,
,,,First_Pass_Right_MIP_10507,,,,,,,,x,,
,,,First_Subtraction_Left_MPR_10505,,,,,,,,,x,
,,,First_Subtraction_Left_MPR_24,,,,,,,,,x,
,,,First_Subtraction_Right_MPR_10504,,,,,,,,,x,
,,,First_Subtraction_Right_MPR_23,,,,,,,,,x,
,,,InPhaseax_t2_ideal_601,x,,,,,,,,,
,,,LEFT_14,,,,,,,,,x,
,,,LEFT_16,,,,,,,,,x,
,,,LEFT_1ST_PASS_100,,,,x,,,,,,
,,,LEFT_1ST_SUB_102,,,,,,,,,x,
,,,LEFT_2ND_SUB_104,,,,,,,,,x,
,,,LEFT_2ND_SUB_105,,,,,,,,,x,
,,,LEFT_BREAST_16,,,,,,,,,x,
,,,LEFT_BREAST_1ST_PASS_602,,,,,,,,,x,
,,,LEFT_BREAST_1ST_PASS_702,,,,,,,,,x,
,,,LEFT_BREAST_2ND_PASS_701,,,,,,,,,x,
,,,LEFT_BREAST__2ND_PASS_802,,,,,,,,,x,
,,,LEFT_MIP_1ST_PASS_100,,,,,,,,x,,
,,,LEFT_SAG_MIP_2ND_DYN_PASS_10608,,,,,,,,x,,
,,,LEFT_SAG_REFORMAT_703,,,,,,,,,x,
,,,LEFT_SAG_REFORMAT_SUB_10706,,,,,,,,,x,
,,,LEFT_SAG_SUB_MIP_1ST_DYN_PASS_10605,,,,,,,,x,,
,,,LEFT_SAG_SUB_MIP_1ST_PASS_10705,,,,,,,,x,,
,,,LEFT_SAG_SUB_MIP_2ND_PASS_10710,,,,,,,,x,,
,,,LT_1ST_PASS_100,,,,,,,,,x,
,,,LT_1ST_SUB_102,,,,,,,,,x,
,,,LT_MIP_1_104,,,,,,,,x,,
,,,LT_MIP_2ND_PASS_103,,,,,,,,x,,
,,,LT_MIP_SUB2_106,,,,,,,,x,,
,,,LT_SUB1_102,,,,,,,,,x,
,,,LT_SUBBED_MPR_1ST_PASS_106,,,,,,,,,x,
,,,LT_SUB_1_MIP_104,,,,,,,,x,,
,,,LT_SUB_2_MIP_106,,,,,,,,x,,
,,,LT_UNSUB_MPR_1ST_PASS_104,,,,,,,,,x,
,,,Left_Sag_1st_pass_reformat_subs_10610,,,,,,,,,x,
,,,Left_Sag_1st_pass_reformats_606,,,,,,,,,x,
,,,Localizers_1,,,,,,,,,x,
,,,Localizers_2,,,,,,,,,x,
,,,MIP_Collection_105,,,,,,,,x,,
,,,MPR_Collection_15,,,,,,,,,x,
,,,MPR_Thick_Range[1]_14,,,,,,,,,x,
,,,MPR_Thick_Range[1]_MIP_30,,,,,,,,x,,
,,,MPR_Thick_Range[2]_15,,,,,,,,,x,
,,,MPR_Thick_Range_15,,,,,,,,,x,
,,,MPR_Thick_Range_29,,,,,,,,,x,
,,,OutPhaseax_t2_ideal_602,,,,,,,,,x,
,,,PJN_135,,,,,,,,,x,
,,,PJN_136,,,,,,,,,x,
,,,PJN_137,,,,,,,,,x,
,,,PJN_1400,,,,,,,,,x,
,,,PJN_390,,,,,,,,,x,
,,,PJN_391,,,,,,,,,x,
,,,PJN_392,,,,,,,,,x,
,,,PJN_393,,,,,,,,,x,
,,,PJN_478,,,,,,,,,x,
,,,PJN_479,,,,,,,,,x,
,,,PJN_480,,,,,,,,,x,
,,,PJN_481,,,,,,,,,x,
,,,PJN_487,,,,,,,,,x,
,,,PJN_488,,,,,,,,,x,
,,,PJN_489,,,,,,,,,x,
,,,PJN_490,,,,,,,,,x,
,,,PJN_600,,,,,,,,,x,
,,,PJN_700,,,,,,,,,x,
,,,PJN_800,,,,,,,,,x,
,,,PJN_909,,,,,,,,,x,
,,,PJN_910,,,,,,,,,x,
,,,PJN_911,,,,,,,,,x,
,,,PJN_912,,,,,,,,,x,
,,,PUax_t1_300,,x,,,,,,,,
,,,Pass_1_Sub_100,,,,,,,,,x,
,,,Pass_2_Sub_101,,,,,,,,,x,
,,,Ph1ax_3d_dyn_501,,,x,,,,,,,
,,,Ph1ax_3d_dyn_601,,,x,,,,,,,
,,,Ph1ax_3d_dyn_701,,,x,,,,,,,
,,,Ph1ax_3d_dyn_901,,,x,,,,,,,
,,,Ph1ax_3d_dyn_MP_501,,,x,,,,,,,
,,,Ph1ax_3d_dyn_MP_601,,,x,,,,,,,
,,,Ph1ax_3d_dyn_MP_701,,,x,,,,,,,
,,,Ph1ax_3d_dyn_MP_801,,,x,,,,,,,
,,,Ph1ax_3d_dyn_MP_901,,,x,,,,,,,
,,,Ph1ax_dynamic_501,,,x,,,,,,,
,,,Ph1ax_dynamic_601,,,x,,,,,,,
,,,Ph1ax_dynamic_701,,,x,,,,,,,
,,,Ph1ax_dynamic_801,,,x,,,,,,,
,,,Ph2ax_3d_dyn_502,,,,x,,,,,,
,,,Ph2ax_3d_dyn_602,,,,x,,,,,,
,,,Ph2ax_3d_dyn_702,,,,x,,,,,,
,,,Ph2ax_3d_dyn_902,,,,x,,,,,,
,,,Ph2ax_3d_dyn_MP_502,,,,x,,,,,,
,,,Ph2ax_3d_dyn_MP_602,,,,x,,,,,,
,,,Ph2ax_3d_dyn_MP_702,,,,x,,,,,,
,,,Ph2ax_3d_dyn_MP_802,,,,x,,,,,,
,,,Ph2ax_3d_dyn_MP_902,,,,x,,,,,,
,,,Ph2ax_dynamic_502,,,,x,,,,,,
,,,Ph2ax_dynamic_602,,,,x,,,,,,
,,,Ph2ax_dynamic_702,,,,x,,,,,,
,,,Ph2ax_dynamic_802,,,,x,,,,,,
,,,Ph3ax_3d_dyn_503,,,,,x,,,,,
,,,Ph3ax_3d_dyn_504,,,,,x,,,,,
,,,Ph3ax_3d_dyn_603,,,,,x,,,,,
,,,Ph3ax_3d_dyn_703,,,,,x,,,,,
,,,Ph3ax_3d_dyn_903,,,,,x,,,,,
,,,Ph3ax_3d_dyn_MP_503,,,,,x,,,,,
,,,Ph3ax_3d_dyn_MP_603,,,,,x,,,,,
,,,Ph3ax_3d_dyn_MP_703,,,,,x,,,,,
,,,Ph3ax_3d_dyn_MP_803,,,,,x,,,,,
,,,Ph3ax_3d_dyn_MP_903,,,,,x,,,,,
,,,Ph3ax_dynamic_503,,,,,x,,,,,
,,,Ph3ax_dynamic_603,,,,,x,,,,,
,,,Ph3ax_dynamic_704,,,,,x,,,,,
,,,Ph3ax_dynamic_803,,,,,x,,,,,
,,,Ph4ax_3d_dyn_504,,,,,,x,,,,
,,,Ph4ax_3d_dyn_MP_504,,,,,,x,,,,
,,,Ph4ax_3d_dyn_MP_604,,,,,,x,,,,
,,,Ph4ax_3d_dyn_MP_704,,,,,,x,,,,
,,,Ph4ax_3d_dyn_MP_804,,,,,,x,,,,
,,,Ph4ax_3d_dyn_MP_904,,,,,,x,,,,
,,,Ph4ax_dynamic_604,,,,,,x,,,,
,,,RGHT_1ST_SUB_104,,,,,,,,,x,
,,,RIGHT_15,,,,,,,,,x,
,,,RIGHT_17,,,,,,,,,x,
,,,RIGHT_1ST_PASS_101,,,,,,,,,x,
,,,RIGHT_1ST_PASS_MULTI_SAG_100,,,,,,,,,x,
,,,RIGHT_1ST_SUB_103,,,,,,,,,x,
,,,RIGHT_2ND_SUB_105,,,,,,,,,x,
,,,RIGHT_2ND_SUB_106,,,,,,,,,x,
,,,RIGHT_BREAST_17,,,,,,,,,x,
,,,RIGHT_BREAST_1ST_PASS_603,,,,,,,,,x,
,,,RIGHT_BREAST_1ST_PASS_703,,,,,,,,,x,
,,,RIGHT_BREAST_2ND_PASS_702,,,,,,,,,x,
,,,RIGHT_BREAST__2ND_PASS_803,,,,,,,,,x,
,,,RIGHT_SAG_MIP_2ND_DYN_PASS_10607,,,,,,,,x,,
,,,RIGHT_SAG_REFORMAT_704,,,,,,,,,x,
,,,RIGHT_SAG_REFORMAT_SUB_10707,,,,,,,,,x,
,,,RIGHT_SAG_SUB_MIP_1ST_DYN_PASS_10604,,,,,,,,x,,
,,,RIGHT_SAG_SUB_MIP_1ST_PASS_10704,,,,,,,,x,,
,,,RIGHT_SAG_SUB_MIP_2ND_PASS_10709,,,,,,,,x,,
,,,RT_1ST_PASS_101,,,,,,,,,x,
,,,RT_1ST_SUB_103,,,,,,,,,x,
,,,RT_MIP_1ST_PASS_101,,,,,,,,x,,
,,,RT_MIP_1_105,,,,,,,,x,,
,,,RT_MIP_2ND_PASS_102,,,,,,,,x,,
,,,RT_MIP_SUB2_107,,,,,,,,x,,
,,,RT_SUBBED_MPR_1ST_PASS_107,,,,,,,,,x,
,,,RT_SUB_1MIP_105,,,,,,,,x,,
,,,RT_SUB_1_103,,,,,,,,,x,
,,,RT_SUB_2_MIP_107,,,,,,,,x,,
,,,RT_UNSUB_MPR_1ST_PASS_105,,,,,,,,,x,
,,,Right_Sag_1st_pass_reformat_subs_10609,,,,,,,,,x,
,,,Right_Sag_1st_pass_reformats_605,,,,,,,,,x,
,,,SAG_LEFT_1ST_DYN_11,,,,,,,,,x,
,,,SAG_LEFT_1ST_MIPMIP_Collection_104,,,,,,,,x,,
,,,SAG_LEFT_1ST_MIPMIP_Collection_105,,,,,,,,x,,
,,,SAG_LEFT_1ST_PASSMIP_Collection_19,,,,,,,,x,,
,,,SAG_LEFT_1ST_PASS_100,,,,,,,,,x,
,,,SAG_LEFT_1ST_PASS_101,,,,,,,,,x,
,,,SAG_LEFT_1ST_PASS_SUB_102,,,,,,,,,x,
,,,SAG_LEFT_1ST_PASS_SUB_MIP_10507,,,,,,,,x,,
,,,SAG_LEFT_1ST_PASS_SUB_MIP_606,,,,,,,,x,,
,,,SAG_LEFT_1ST_PASS_SUB_REFORMAT_10504,,,,,,,,,x,
,,,SAG_LEFT_1ST_PASS_SUB_REFORMAT_10604,,,,,,,,,x,
,,,SAG_LEFT_1ST_PASS_UNSUB_REFORMAT_503,,,,,,,,,x,
,,,SAG_LEFT_1ST_PASS_UNSUB_REFORMAT_603,,,,,,,,,x,
,,,SAG_LEFT_1ST_SUBMIP_Collection_104,,,,,,,,x,,
,,,SAG_LEFT_1ST_SUB_102,,,,,,,,,x,
,,,SAG_LEFT_1ST_SUB_103,,,,,,,,,x,
,,,SAG_LEFT_1ST_SUB_13,,,,,,,,,x,
,,,SAG_LEFT_1ST_SUB_MIPMIP_Collection_104,,,,,,,,x,,
,,,SAG_LEFT_1ST__MIPMIP_Collection_104,,,,,,,,x,,
,,,SAG_LEFT_1ST__SUB_MIPMIP_Collection_104,,,,,,,,x,,
,,,SAG_LEFT_2ND_MIPMIP_Collection_105,,,,,,,,x,,
,,,SAG_LEFT_2ND_MIPMIP_Collection_106,,,,,,,,x,,
,,,SAG_LEFT_2ND_MIPMIP_Collection_107,,,,,,,,x,,
,,,SAG_LEFT_2ND_PASSMIP_Collection_21,,,,,,,,x,,
,,,SAG_LEFT_2ND_PASS_SUB_MIP_10510,,,,,,,,x,,
,,,SAG_LEFT_2ND_PASS_SUB_MIP_609,,,,,,,,x,,
,,,SAG_LEFT_2ND_SUBMIP_Collection_106,,,,,,,,x,,
,,,SAG_LEFT_2ND_SUB_15,,,,,,,,,x,
,,,SAG_LEFT_2ND_SUB_MIPMIP_Collection_106,,,,,,,,x,,
,,,SAG_LEFT_2ND__MIPMIP_Collection_106,,,,,,,,x,,
,,,SAG_LEFT_2ND__SUB_MIPMIP_Collection_106,,,,,,,,x,,
,,,SAG_LEFT_3RD_SUB_17,,,,,,,,,x,
,,,SAG_LEFT_BREAST_1ST_PASS_100,,,,,,,,,x,
,,,SAG_MIP_1ST_SUB_LEFT_10907,,,,,,,,x,,
,,,SAG_MIP_1ST_SUB_RIGHT_10906,,,,,,,,x,,
,,,SAG_MIP_2ND_SUB_LEFT_10909,,,,,,,,x,,
,,,SAG_MIP_2ND_SUB_RIGHT_10908,,,,,,,,x,,
,,,SAG_MPR_1ST_SUB_LEFT_10911,,,,,,,,,x,
,,,SAG_MPR_1ST_SUB_RIGHT_10910,,,,,,,,,x,
,,,SAG_MPR_1ST_UNSUB_LEFT_905,,,,,,,,,x,
,,,SAG_MPR_1ST_UNSUB_RIGHT_904,,,,,,,,,x,
,,,SAG_RIGHT_1ST_DYN_12,,,,,,,,,x,
,,,SAG_RIGHT_1ST_MIPMIP_Collection_105,,,,,,,,x,,
,,,SAG_RIGHT_1ST_MIPMIP_Collection_106,,,,,,,,x,,
,,,SAG_RIGHT_1ST_PASSMIP_Collection_20,,,,,,,,x,,
,,,SAG_RIGHT_1ST_PASS_101,,,,,,,,,x,
,,,SAG_RIGHT_1ST_PASS_102,,,,,,,,,x,
,,,SAG_RIGHT_1ST_PASS_SUB_103,,,,,,,,,x,
,,,SAG_RIGHT_1ST_PASS_SUB_MIP_10506,,,,,,,,x,,
,,,SAG_RIGHT_1ST_PASS_SUB_MIP_605,,,,,,,,x,,
,,,SAG_RIGHT_1ST_PASS_SUB_REFORMAT_10503,,,,,,,,,x,
,,,SAG_RIGHT_1ST_PASS_SUB_REFORMAT_10603,,,,,,,,,x,
,,,SAG_RIGHT_1ST_PASS_UNSUB_REFORMAT_502,,,,,,,,,x,
,,,SAG_RIGHT_1ST_PASS_UNSUB_REFORMAT_602,,,,,,,,,x,
,,,SAG_RIGHT_1ST_SUBMIP_Collection_105,,,,,,,,x,,
,,,SAG_RIGHT_1ST_SUB_103,,,,,,,,,x,
,,,SAG_RIGHT_1ST_SUB_104,,,,,,,,,x,
,,,SAG_RIGHT_1ST_SUB_14,,,,,,,,,x,
,,,SAG_RIGHT_1ST_SUB_MIPMIP_Collection_105,,,,,,,,x,,
,,,SAG_RIGHT_1ST__MIPMIP_Collection_105,,,,,,,,x,,
,,,SAG_RIGHT_1ST__SUB_MIPMIP_Collection_105,,,,,,,,x,,
,,,SAG_RIGHT_2ND_MIPMIP_Collection_106,,,,,,,,x,,
,,,SAG_RIGHT_2ND_MIPMIP_Collection_107,,,,,,,,x,,
,,,SAG_RIGHT_2ND_MIPMIP_Collection_108,,,,,,,,x,,
,,,SAG_RIGHT_2ND_PASSMIP_Collection_22,,,,,,,,x,,
,,,SAG_RIGHT_2ND_PASS_SUB_MIP_10509,,,,,,,,x,,
,,,SAG_RIGHT_2ND_PASS_SUB_MIP_608,,,,,,,,x,,
,,,SAG_RIGHT_2ND_SUBMIP_Collection_107,,,,,,,,x,,
,,,SAG_RIGHT_2ND_SUB_16,,,,,,,,,x,
,,,SAG_RIGHT_2ND_SUB_MIPMIP_Collection_107,,,,,,,,x,,
,,,SAG_RIGHT_2ND__MIPMIP_Collection_107,,,,,,,,x,,
,,,SAG_RIGHT_2ND__SUB_MIPMIP_Collection_107,,,,,,,,x,,
,,,SAG_RIGHT_3RD_SUB_18,,,,,,,,,x,
,,,SAG_RIGHT_BREAST_1ST_PASS_101,,,,,,,,,x,
,,,SAG__LEFT_1ST_MIPMIP_Collection_104,,,,,,,,x,,
,,,SAG__LEFT_1ST_PASS_100,,,,,,,,,x,
,,,SAG__LEFT_1ST_SUB_102,,,,,,,,,x,
,,,SAG__LEFT_2ND_MIPMIP_Collection_106,,,,,,,,x,,
,,,SAG__RIGHT_1ST_MIPMIP_Collection_105,,,,,,,,x,,
,,,SAG__RIGHT_1ST_PASS_101,,,,,,,,,x,
,,,SAG__RIGHT_1ST_SUB_103,,,,,,,,,x,
,,,SAG__RIGHT_2ND_MIPMIP_Collection_107,,,,,,,,x,,
,,,SUB_S10S6_1_103,,,,,,,,,x,
,,,SUB_S4S3_1_19,,,,,,,,,x,
,,,SUB_S7S6_1_100,,,,,,,,,x,
,,,SUB_S8S6_1_101,,,,,,,,,x,
,,,SUB_S9S6_1_102,,,,,,,,,x,
,,,Sag_VIBRANT_High_Res_+C_7,,,,,,,,,x,
,,,Sag_VIBRANT_High_Res_5,,,,,,,,,x,
,,,Second_Pass_Axial_MIP_10509,,,,,,,,x,,
,,,Second_Pass_Left_BreastMIP_Collection_19,,,,,,,,x,,
,,,Second_Pass_Left_MIP_10511,,,,,,,,x,,
,,,Second_Pass_Right_BreastMIP_Collection_20,,,,,,,,x,,
,,,Second_Pass_Right_MIP_10510,,,,,,,,x,,
,,,VIBE_FLEX_delayed_axial_mip_105,,,,,,,,x,,
,,,VIBE_FLEX_delayed_left_sag_mip_107,,,,,,,,x,,
,,,VIBE_FLEX_delayed_right_sag_mip_106,,,,,,,,x,,
,,,VIB_FLEX_sub_delayed_pass_left_sag_mpr_102,,,,,,,,,x,
,,,VIB_FLEX_sub_delayed_pass_right_sag_mpr_101,,,,,,,,,x,
,,,VIB_FLEX_unsub_delayed_pass_left_sag_mpr_902,,,,,,,,,x,
,,,VIB_FLEX_unsub_delayed_pass_right_sag_mpr_901,,,,,,,,,x,
,,,WATER_ax_vibrant_flex_8,,,,,,,,,x,
,,,WATERax_t2_ideal_6,x,,,,,,,,,
,,,WATERax_vibrant_flex_+c_9,,,,,,,,,x,
,,,WATERax_vibrant_flex_7,,,,,,,,,x,
,,,ax_1st_passMIP_Collection_16,,,,,,,,x,,
,,,ax_1st_pass_sub_mip_10504,,,,,,,,x,,
,,,ax_1st_pass_sub_mip_10505,,,,,,,,x,,
,,,ax_2nd_passMIP_Collection_29,,,,,,,,x,,
,,,ax_2nd_pass_sub_mip_10507,,,,,,,,x,,
,,,ax_2nd_pass_sub_mip_10508,,,,,,,,x,,
,,,ax_3d_dyn_1st_pass_5,,,,x,,,,,,
,,,ax_3d_dyn_1st_pass_6,,,,x,,,,,,
,,,ax_3d_dyn_1st_pass_7,,,,x,,,,,,
,,,ax_3d_dyn_2nd_pass_6,,,,,x,,,,,
,,,ax_3d_dyn_2nd_pass_7,,,,,x,,,,,
,,,ax_3d_dyn_2nd_pass_8,,,,,x,,,,,
,,,ax_3d_dyn_3rd_pass_7,,,,,,x,,,,
,,,ax_3d_dyn_3rd_pass_8,,,,,,x,,,,
,,,ax_3d_dyn_3rd_pass_9,,,,,,x,,,,
,,,ax_3d_dyn_4,,,,,,,x,,,
,,,ax_3d_dyn_4th_pass_10,,,,,,,x,,,
,,,ax_3d_dyn_4th_pass_8,,,,,,,x,,,
,,,ax_3d_dyn_4th_pass_9,,,,,,,x,,,
,,,ax_3d_dyn_pre_3,,,x,,,,,,,
,,,ax_3d_dyn_pre_4,,,x,,,,,,,
,,,ax_3d_dyn_pre_5,,,x,,,,,,,
,,,ax_3d_dyn_pre_6,,,x,,,,,,,
,,,ax_3d_pre_5,,,x,,,,,,,
,,,ax_3d_t1_bilateral_2,,x,,,,,,,,
,,,ax_3d_t1_bilateral_3,,x,,,,,,,,
,,,ax_55_Out_phase_10,,,,,,,,,x,
,,,ax_55_Out_phase_11,,,,,,,,,x,
,,,ax_diff_4,,,,,,,,,x,
,,,ax_diff_5,,,,,,,,,x,
,,,ax_diff_ADC_5,,,,,,,,,x,
,,,ax_diff_new_5,,,,,,,,,x,
,,,ax_diff_new_6,,,,,,,,,x,
,,,ax_dixon_delayed_F_16,,,,,,,,,x,
,,,ax_dixon_delayed_F_22,,,,,,,,,x,
,,,ax_dixon_delayed_W_17,,,,,,,,,x,
,,,ax_dixon_delayed_W_18,,,,,,,,,x,
,,,ax_dixon_delayed_W_23,,,,,,,,,x,
,,,ax_dixon_delayed_in_14,,,,,,,,,x,
,,,ax_dixon_delayed_in_15,,,,,,,,,x,
,,,ax_dixon_delayed_in_20,,,,,,,,,x,
,,,ax_dixon_delayed_opp_15,,,,,,,,,x,
,,,ax_dixon_delayed_opp_21,,,,,,,,,x,
,,,ax_dwi_stir_5,,,,,,,,,x,
,,,ax_dwi_stir_7,,,,,,,,,x,
,,,ax_dyn_10_min_delay_11,,,,,,,,,x,
,,,ax_dyn_10_min_delay_12,,,,,,,,,x,
,,,ax_dyn_10_min_delay_13,,,,,,,,,x,
,,,ax_dyn_10_min_delay_SUB_12,,,,,,,,,x,
,,,ax_dyn_10_min_delay_SUB_13,,,,,,,,,x,
,,,ax_dyn_10_min_delay_SUB_14,,,,,,,,,x,
,,,ax_dyn_10_min_delay_SUB_MIP_TRA_13,,,,,,,,x,,
,,,ax_dyn_10_min_delay_SUB_MIP_TRA_14,,,,,,,,x,,
,,,ax_dyn_10_min_delay_SUB_MIP_TRA_15,,,,,,,,x,,
,,,ax_dyn_10min_delay_12,,,,,,,,,x,
,,,ax_dyn_10min_delay_13,,,,,,,,,x,
,,,ax_dyn_1st_pass_13,,,,x,,,,,,
,,,ax_dyn_1st_pass_4,,,,x,,,,,,
,,,ax_dyn_1st_pass_5,,,,x,,,,,,
,,,ax_dyn_1st_pass_6,,,,x,,,,,,
,,,ax_dyn_1st_pass_7,,,,x,,,,,,
,,,ax_dyn_1st_pass_8,,,,x,,,,,,
,,,ax_dyn_1st_pass_SUB_14,,,,,,,,,x,
,,,ax_dyn_1st_pass_SUB_5,,,,,,,,,x,
,,,ax_dyn_1st_pass_SUB_6,,,,,,,,,x,
,,,ax_dyn_1st_pass_SUB_7,,,,,,,,,x,
,,,ax_dyn_1st_pass_SUB_8,,,,,,,,,x,
,,,ax_dyn_1st_pass_SUB_9,,,,,,,,,x,
,,,ax_dyn_1st_pass_SUB_MIP_TRA_10,,,,,,,,x,,
,,,ax_dyn_1st_pass_SUB_MIP_TRA_15,,,,,,,,x,,
,,,ax_dyn_1st_pass_SUB_MIP_TRA_6,,,,,,,,x,,
,,,ax_dyn_1st_pass_SUB_MIP_TRA_7,,,,,,,,x,,
,,,ax_dyn_1st_pass_SUB_MIP_TRA_8,,,,,,,,x,,
,,,ax_dyn_1st_pass_SUB_MIP_TRA_9,,,,,,,,x,,
,,,ax_dyn_2nd_pass_10,,,,,x,,,,,
,,,ax_dyn_2nd_pass_11,,,,,x,,,,,
,,,ax_dyn_2nd_pass_16,,,,,x,,,,,
,,,ax_dyn_2nd_pass_5,,,,,x,,,,,
,,,ax_dyn_2nd_pass_6,,,,,x,,,,,
,,,ax_dyn_2nd_pass_7,,,,,x,,,,,
,,,ax_dyn_2nd_pass_8,,,,,x,,,,,
,,,ax_dyn_2nd_pass_9,,,,,x,,,,,
,,,ax_dyn_2nd_pass_SUB_10,,,,,,,,,x,
,,,ax_dyn_2nd_pass_SUB_11,,,,,,,,,x,
,,,ax_dyn_2nd_pass_SUB_12,,,,,,,,,x,
,,,ax_dyn_2nd_pass_SUB_17,,,,,,,,,x,
,,,ax_dyn_2nd_pass_SUB_6,,,,,,,,,x,
,,,ax_dyn_2nd_pass_SUB_7,,,,,,,,,x,
,,,ax_dyn_2nd_pass_SUB_8,,,,,,,,,x,
,,,ax_dyn_2nd_pass_SUB_9,,,,,,,,,x,
,,,ax_dyn_2nd_pass_SUB_MIP_TRA_10,,,,,,,,x,,
,,,ax_dyn_2nd_pass_SUB_MIP_TRA_11,,,,,,,,x,,
,,,ax_dyn_2nd_pass_SUB_MIP_TRA_12,,,,,,,,x,,
,,,ax_dyn_2nd_pass_SUB_MIP_TRA_13,,,,,,,,x,,
,,,ax_dyn_2nd_pass_SUB_MIP_TRA_18,,,,,,,,x,,
,,,ax_dyn_2nd_pass_SUB_MIP_TRA_7,,,,,,,,x,,
,,,ax_dyn_2nd_pass_SUB_MIP_TRA_8,,,,,,,,x,,
,,,ax_dyn_2nd_pass_SUB_MIP_TRA_9,,,,,,,,x,,
,,,ax_dyn_3,,,,,,x,,,,
,,,ax_dyn_3rd_pass_10,,,,,,x,,,,
,,,ax_dyn_3rd_pass_11,,,,,,x,,,,
,,,ax_dyn_3rd_pass_12,,,,,,x,,,,
,,,ax_dyn_3rd_pass_13,,,,,,x,,,,
,,,ax_dyn_3rd_pass_14,,,,,,x,,,,
,,,ax_dyn_3rd_pass_15,,,,,,x,,,,
,,,ax_dyn_3rd_pass_18,,,,,,x,,,,
,,,ax_dyn_3rd_pass_19,,,,,,x,,,,
,,,ax_dyn_3rd_pass_7,,,,,,x,,,,
,,,ax_dyn_3rd_pass_8,,,,,,x,,,,
,,,ax_dyn_3rd_pass_9,,,,,,x,,,,
,,,ax_dyn_3rd_pass_SUB_10,,,,,,,,,x,
,,,ax_dyn_3rd_pass_SUB_11,,,,,,,,,x,
,,,ax_dyn_3rd_pass_SUB_12,,,,,,,,,x,
,,,ax_dyn_3rd_pass_SUB_13,,,,,,,,,x,
,,,ax_dyn_3rd_pass_SUB_14,,,,,,,,,x,
,,,ax_dyn_3rd_pass_SUB_15,,,,,,,,,x,
,,,ax_dyn_3rd_pass_SUB_16,,,,,,,,,x,
,,,ax_dyn_3rd_pass_SUB_19,,,,,,,,,x,
,,,ax_dyn_3rd_pass_SUB_20,,,,,,,,,x,
,,,ax_dyn_3rd_pass_SUB_9,,,,,,,,,x,
,,,ax_dyn_3rd_pass_SUB_MIP_TRA_10,,,,,,,,x,,
,,,ax_dyn_3rd_pass_SUB_MIP_TRA_11,,,,,,,,x,,
,,,ax_dyn_3rd_pass_SUB_MIP_TRA_12,,,,,,,,x,,
,,,ax_dyn_3rd_pass_SUB_MIP_TRA_13,,,,,,,,x,,
,,,ax_dyn_3rd_pass_SUB_MIP_TRA_14,,,,,,,,x,,
,,,ax_dyn_3rd_pass_SUB_MIP_TRA_15,,,,,,,,x,,
,,,ax_dyn_3rd_pass_SUB_MIP_TRA_16,,,,,,,,x,,
,,,ax_dyn_3rd_pass_SUB_MIP_TRA_17,,,,,,,,x,,
,,,ax_dyn_3rd_pass_SUB_MIP_TRA_20,,,,,,,,x,,
,,,ax_dyn_3rd_pass_SUB_MIP_TRA_21,,,,,,,,x,,
,,,ax_dyn_4,,,,,,,x,,,
,,,ax_dyn_4th_pass_10,,,,,,,x,,,
,,,ax_dyn_4th_pass_11,,,,,,,x,,,
,,,ax_dyn_4th_pass_12,,,,,,,x,,,
,,,ax_dyn_4th_pass_13,,,,,,,x,,,
,,,ax_dyn_4th_pass_14,,,,,,,x,,,
,,,ax_dyn_4th_pass_15,,,,,,,x,,,
,,,ax_dyn_4th_pass_16,,,,,,,x,,,
,,,ax_dyn_4th_pass_17,,,,,,,x,,,
,,,ax_dyn_4th_pass_18,,,,,,,x,,,
,,,ax_dyn_4th_pass_21,,,,,,,x,,,
,,,ax_dyn_4th_pass_8,,,,,,,x,,,
,,,ax_dyn_4th_pass_SUB_13,,,,,,,,,x,
,,,ax_dyn_4th_pass_SUB_14,,,,,,,,,x,
,,,ax_dyn_4th_pass_SUB_15,,,,,,,,,x,
,,,ax_dyn_4th_pass_SUB_16,,,,,,,,,x,
,,,ax_dyn_4th_pass_SUB_17,,,,,,,,,x,
,,,ax_dyn_4th_pass_SUB_18,,,,,,,,,x,
,,,ax_dyn_4th_pass_SUB_19,,,,,,,,,x,
,,,ax_dyn_4th_pass_SUB_22,,,,,,,,,x,
,,,ax_dyn_4th_pass_SUB_MIP_TRA_14,,,,,,,,x,,
,,,ax_dyn_4th_pass_SUB_MIP_TRA_15,,,,,,,,x,,
,,,ax_dyn_4th_pass_SUB_MIP_TRA_16,,,,,,,,x,,
,,,ax_dyn_4th_pass_SUB_MIP_TRA_17,,,,,,,,x,,
,,,ax_dyn_4th_pass_SUB_MIP_TRA_18,,,,,,,,x,,
,,,ax_dyn_4th_pass_SUB_MIP_TRA_19,,,,,,,,x,,
,,,ax_dyn_4th_pass_SUB_MIP_TRA_22,,,,,,,,x,,
,,,ax_dyn_4th_pass_SUB_MIP_TRA_23,,,,,,,,x,,
,,,ax_dyn_SUB_10,,,,,,,,,x,
,,,ax_dyn_SUB_5,,,,,,,,,x,
,,,ax_dyn_SUB_6,,,,,,,,,x,
,,,ax_dyn_SUB_8,,,,,,,,,x,
,,,ax_dyn_SUB_9,,,,,,,,,x,
,,,ax_dyn_SUB_MIP_COR_7,,,,,,,,x,,
,,,ax_dyn_SUB_MIP_TRA_6,,,,,,,,x,,
,,,ax_dyn_SUB_MIP_TRA_7,,,,,,,,x,,
,,,ax_dyn_SUB_MIP_TRA_8,,,,,,,,x,,
,,,ax_dyn_delayed_views_11,,,,,,,,,x,
,,,ax_dyn_delayed_views_MIP_TRA_12,,,,,,,,x,,
,,,ax_dyn_delayed_views_MIP_TRA_13,,,,,,,,x,,
,,,ax_dyn_needle_loc_5,,,,,,,,,x,
,,,ax_dyn_needle_loc_DELAY_6,,,,,,,,,x,
,,,ax_dyn_post_2_7,,,,,x,,,,,
,,,ax_dyn_post_2_SUB_8,,,,,,,,,x,
,,,ax_dyn_post_2_SUB_MIP_TRA_9,,,,,,,,x,,
,,,ax_dyn_post_3,,,,,,x,,,,
,,,ax_dyn_post_3_SUB_14,,,,,,,,,x,
,,,ax_dyn_post_3_SUB_MIP_TRA_15,,,,,,,,,,
,,,ax_dyn_post_4,,,,,,,x,,,
,,,ax_dyn_post_4_SUB_20,,,,,,,,,x,
,,,ax_dyn_post_4_SUB_MIP_TRA_21,,,,,,,,x,,
,,,ax_dyn_post_SUB_11,,,,,,,,,x,
,,,ax_dyn_post_SUB_14,,,,,,,,,x,
,,,ax_dyn_post_SUB_4,,,,,,,,,x,
,,,ax_dyn_post_SUB_5,,,,,,,,,x,
,,,ax_dyn_post_SUB_8,,,,,,,,,x,
,,,ax_dyn_post_SUB_MIP_TRA_12,,,,,,,,x,,
,,,ax_dyn_post_SUB_MIP_TRA_15,,,,,,,,x,,
,,,ax_dyn_post_SUB_MIP_TRA_5,,,,,,,,x,,
,,,ax_dyn_post_SUB_MIP_TRA_6,,,,,,,,x,,
,,,ax_dyn_post_SUB_MIP_TRA_9,,,,,,,,x,,
,,,ax_dyn_pre_12,,,x,,,,,,,
,,,ax_dyn_pre_2,,,x,,,,,,,
,,,ax_dyn_pre_3,,,x,,,,,,,
,,,ax_dyn_pre_4,,,x,,,,,,,
,,,ax_dyn_pre_5,,,x,,,,,,,
,,,ax_dyn_pre_6,,,x,,,,,,,
,,,ax_dyn_pre_7,,,x,,,,,,,
,,,ax_dynamic_1pre_5post_SUB_11,,,,,,,,,x,
,,,ax_dynamic_1pre_5post_SUB_13,,,,,,,,,x,
,,,ax_dynamic_1pre_5post_SUB_15,,,,,,,,,x,
,,,ax_dynamic_1pre_5post_SUB_17,,,,,,,,,x,
,,,ax_dynamic_1pre_5post_SUB_8,,,,,,,,,x,
,,,ax_dynamic_1pre_5post_SUB_MIP_TRA_9,,,,,,,,x,,
,,,ax_fs_test_4,x,,,,,,,,,
,,,ax_fse_4,x,,,,,,,,,
,,,ax_fse_fs_3,x,,,,,,,,,
,,,ax_fse_fs_4,x,,,,,,,,,
,,,ax_fse_fs_5,x,,,,,,,,,
,,,ax_fse_fs_8,x,,,,,,,,,
,,,ax_fseir_+c_6,x,,,,,,,,,
,,,ax_fseir_1mm_4,x,,,,,,,,,
,,,ax_fseir_1mm_REPEAT_6,x,,,,,,,,,
,,,ax_fseir_2,x,,,,,,,,,
,,,ax_fseir_2mm_2,x,,,,,,,,,
,,,ax_fseir_2mm_4,x,,,,,,,,,
,,,ax_fseir_3,x,,,,,,,,,
,,,ax_fseir_3mm_4,x,,,,,,,,,
,,,ax_fseir_4,x,,,,,,,,,
,,,ax_fseir_5,x,,,,,,,,,
,,,ax_fseir_6,x,,,,,,,,,
,,,ax_fseir_7,x,,,,,,,,,
,,,ax_hires_10,x,,,,,,,,,
,,,ax_hires_11,x,,,,,,,,,
,,,ax_hires_13,x,,,,,,,,,
,,,ax_hires_18,x,,,,,,,,,
,,,ax_hires_19,x,,,,,,,,,
,,,ax_hires_20,x,,,,,,,,,
,,,ax_hires_MIP_TRA_11,,,,,,,,x,,
,,,ax_hires_MIP_TRA_12,,,,,,,,x,,
,,,ax_hires_MIP_TRA_14,,,,,,,,x,,
,,,ax_hires_MIP_TRA_19,,,,,,,,x,,
,,,ax_hires_MIP_TRA_20,,,,,,,,x,,
,,,ax_hires_MIP_TRA_21,,,,,,,,x,,
,,,ax_out_of_phase_18,,,,,,,,,x,
,,,ax_out_of_phase_20,,,,,,,,,x,
,,,ax_out_of_phase_22,,,,,,,,,x,
,,,ax_out_of_phase_24,,,,,,,,,x,
,,,ax_stir_2,x,,,,,,,,,
,,,ax_stir_3,x,,,,,,,,,
,,,ax_stir_4,x,,,,,,,,,
,,,ax_stir_6,x,,,,,,,,,
,,,ax_stir_8,x,,,,,,,,,
,,,ax_stir_9,x,,,,,,,,,
,,,ax_t2_fs_2,x,,,,,,,,,
,,,ax_t2_fs_3,x,,,,,,,,,
,,,ax_t2_fs_4,x,,,,,,,,,
,,,ax_t2_fseir_2,x,,,,,,,,,
,,,ax_t2_fseir_3,x,,,,,,,,,
,,,ax_tirm_3,x,,,,,,,,,
,,,ax_tirm_4,x,,,,,,,,,
,,,ax_tse_fs_2,x,,,,,,,,,
,,,ax_tse_fs_3,x,,,,,,,,,
,,,ax_tse_fs_4,x,,,,,,,,,
,,,ax_tse_fs_5,x,,,,,,,,,
,,,axial_1st_passMIP_Collection_28,,,,,,,,x,,
,,,axial_1st_pass_15,,,,x,,,,,,
,,,axial_1st_pass_501,,,,x,,,,,,
,,,axial_1st_pass_mip_10505,,,,,,,,x,,
,,,axial_2nd_pass_18,,,,,x,,,,,
,,,axial_2nd_pass_601,,,,,x,,,,,
,,,axial_2nd_pass_pass_mip_10508,,,,,,,,x,,
,,,axial_3rd_pass_701,,,,,,x,,,,
,,,axial_breast_4th_pass_903,,,,,,,x,,,
,,,axial_mip_14,,,,,,,,x,,
,,,axial_mip_1st_pass_10502,,,,,,,,x,,
,,,axial_mip_1st_pass_10505,,,,,,,,x,,
,,,axial_mip_1st_subtracted_dyn_pass_100,,,,,,,,x,,
,,,axial_mip_1st_subtracted_dynamic_pass_10507,,,,,,,,x,,
,,,axial_mip_2nd_pass_10507,,,,,,,,x,,
,,,axial_mip_2nd_pass_10510,,,,,,,,x,,
,,,axial_mip_2nd_subtracted_dynamic_pa_105,,,,,,,,x,,
,,,axial_mip_2nd_subtracted_dynamic_pass_10510,,,,,,,,x,,
,,,axial_out_of_phase_17,,,,,,,,,x,
,,,first_pass_sub_ax_mipMIP_Collection_104,,,,,,,,x,,
,,,first_pass_sub_left_mipMIP_Collection_105,,,,,,,,x,,
,,,first_pass_sub_left_mpr_102,,,,,,,,,x,
,,,first_pass_sub_right_mipMIP_Collection_106,,,,,,,,x,,
,,,first_pass_sub_right_mpr_103,,,,,,,,,x,
,,,first_pass_unsub_left_mpr_100,,,,,,,,,x,
,,,first_pass_unsub_right_mpr_101,,,,,,,,,x,
,,,fl3d_ce_fs_1pre_4,,,x,,,,,,,
,,,fl3d_ce_fs_1pre_5,,,x,,,,,,,
,,,fl3d_ce_fs_1pre_5post_SUB_11,,,,,,,,,x,
,,,fl3d_ce_fs_1pre_5post_SUB_12,,,,,,,,,x,
,,,fl3d_ce_fs_1pre_5post_SUB_13,,,,,,,,,x,
,,,fl3d_ce_fs_1pre_5post_SUB_14,,,,,,,,,x,
,,,fl3d_ce_fs_1pre_5post_SUB_15,,,,,,,,,x,
,,,fl3d_ce_fs_1pre_5post_SUB_16,,,,,,,,,x,
,,,fl3d_ce_fs_1pre_5post_SUB_17,,,,,,,,,x,
,,,fl3d_ce_fs_1pre_5post_SUB_18,,,,,,,,,x,
,,,fl3d_ce_fs_1pre_5post_SUB_19,,,,,,,,,x,
,,,fl3d_ce_fs_1pre_5post_SUB_7,,,,,,,,,x,
,,,fl3d_ce_fs_1pre_5post_SUB_8,,,,,,,,,x,
,,,fl3d_ce_fs_1pre_5post_SUB_9,,,,,,,,,x,
,,,fl3d_ce_fs_1pre_5post_SUB_MIP_COR_10,,,,,,,,x,,
,,,fl3d_ce_fs_1pre_5post_SUB_MIP_COR_8,,,,,,,,x,,
,,,fl3d_ce_fs_1pre_5post_SUB_MIP_COR_9,,,,,,,,x,,
,,,fl3d_ce_fs_1pre_5post_SUB_MIP_TRA_10,,,,,,,,x,,
,,,fl3d_ce_fs_1pre_5post_SUB_MIP_TRA_11,,,,,,,,x,,
,,,fl3d_ce_fs_1pre_5post_SUB_MIP_TRA_9,,,,,,,,x,,
,,,fl3d_ce_fs_2min_hires_1+2_SUB_10,,,,,,,,,x,
,,,fl3d_ce_fs_2min_hires_1+2_SUB_11,,,,,,,,,x,
,,,fl3d_ce_fs_2min_hires_1+2_SUB_6,,,,,,,,,x,
,,,fl3d_ce_fs_2min_hires_1+2_SUB_7,,,,,,,,,x,
,,,fl3d_ce_fs_2min_hires_1+2_SUB_MIP_COR_7,,,,,,,,x,,
,,,fl3d_ce_fs_2min_hires_1+2_SUB_MIP_COR_8,,,,,,,,x,,
,,,fl3d_ce_fs_2min_hires_1+2_SUB_MIP_TRA_8,,,,,,,,x,,
,,,fl3d_ce_fs_2min_hires_1+2_SUB_MIP_TRA_9,,,,,,,,x,,
,,,fl3d_ce_fs_VIEWS_MIP_TRA_19,,,,,,,,x,,
,,,fl3d_ce_fs_VIEWS_MIP_TRA_20,,,,,,,,x,,
,,,fl3d_ce_fs_VIEWS_MIP_TRA_21,,,,,,,,x,,
,,,fl3d_ce_we_delayedVIEWS_11,,,,,,,,,x,
,,,fl3d_ce_we_delayedVIEWS_12,,,,,,,,,x,
,,,fl3d_ce_we_delayedVIEWS_13,,,,,,,,,x,
,,,fl3d_ce_we_delayedVIEWS_MIP_TRA_12,,,,,,,,x,,
,,,fl3d_ce_we_delayedVIEWS_MIP_TRA_13,,,,,,,,x,,
,,,fl3d_ce_we_delayedVIEWS_MIP_TRA_14,,,,,,,,x,,
,,,fl3d_ce_we_delayedVIEWS_MIP_TRA_16,,,,,,,,x,,
,,,gre_13x08x08_cor_21,,,,,,,,,x,
,,,gre_13x08x08_cor_22,,,,,,,,,x,
,,,gre_13x08x08_cor_23,,,,,,,,,x,
,,,gre_13x08x08_cor_24,,,,,,,,,x,
,,,gre_13x08x08_cor_25,,,,,,,,,x,
,,,gre_13x08x08_cor_26,,,,,,,,,x,
,,,gre_13x08x08_cor_27,,,,,,,,,x,
,,,gre_13x08x08_cor_28,,,,,,,,,x,
,,,left_14,,,,,,,,,x,
,,,left_1st_pass_102,,,,,,,,,x,
,,,left_1st_pass_502,,,,,,,,,x,
,,,left_1st_pass_mip_103,,,,,,,,x,,
,,,left_1st_pass_mip_10506,,,,,,,,x,,
,,,left_1st_pass_mpr_100,,,,,,,,,x,
,,,left_1st_pass_mpr_502,,,,,,,,,x,
,,,left_1st_pass_multi_sag_101,,,,,,,,,x,
,,,left_1st_pass_multi_slice_sag_101,,,,,,,,,x,
,,,left_1st_pass_reformats_502,,,,,,,,,x,
,,,left_1st_pass_sub_mip_104,,,,,,,,x,,
,,,left_1st_pass_sub_mip_10505,,,,,,,,x,,
,,,left_1st_pass_sub_mip_10506,,,,,,,,x,,
,,,left_1st_pass_sub_mpr_102,,,,,,,,,x,
,,,left_1st_pass_sub_mpr_10502,,,,,,,,,x,
,,,left_1st_pass_sub_reformats_10503,,,,,,,,,x,
,,,left_2nd_passMIP_Collection_23,,,,,,,,x,,
,,,left_2nd_pass_108,,,,,,,,,x,
,,,left_2nd_pass_17,,,,,,,,,x,
,,,left_2nd_pass_20,,,,,,,,,x,
,,,left_2nd_pass_602,,,,,,,,,x,
,,,left_2nd_pass_mip_107,,,,,,,,x,,
,,,left_2nd_pass_multi_slice_sag_105,,,,,,,,,x,
,,,left_2nd_pass_pass_mip_10509,,,,,,,,x,,
,,,left_2nd_pass_sub_22,,,,,,,,,x,
,,,left_2nd_pass_sub_mip_10508,,,,,,,,x,,
,,,left_2nd_pass_sub_mip_10509,,,,,,,,x,,
,,,left_2nd_pass_sub_mip_107,,,,,,,,x,,
,,,left_3rd_pass_19,,,,,,,,,x,
,,,left_3rd_pass_702,,,,,,,,,x,
,,,left__1st__pass_15,,,,,,,,,x,
,,,left__1st_pass_15,,,,,,,,,x,
,,,left__4th__pass_21,,,,,,,,,x,
,,,left__4th_pass_21,,,,,,,,,x,
,,,left___2nd_pass_17,,,,,,,,,x,
,,,left_breast_15,,,,,,,,,x,
,,,left_breast_4th_pass_901,,,,,,,,,x,
,,,left_breast_mip_first_pass_subMIP_Collection_104,,,,,,,,x,,
,,,left_breast_mip_second_pass_subMIP_Collection_107,,,,,,,,x,,
,,,left_breast_mpr_first_pass_sub_102,,,,,,,,,x,
,,,left_breast_mpr_first_pass_unsub_100,,,,,,,,,x,
,,,left_hi_res_26,,,,,,,,,x,
,,,left_hi_res_sag_26,,,,,,,,,x,
,,,left_mip_1st_pass_101,,,,,,,,,x,
,,,left_mip_1st_pass_10503,,,,,,,,,x,
,,,left_mip_1st_pass_10506,,,,,,,,,x,
,,,left_mip_2nd_pass_10508,,,,,,,,,x,
,,,left_mip_2nd_pass_10511,,,,,,,,,x,
,,,left_multi_sag_1st_pass_103,,,,,,,,,x,
,,,left_nonsub_reformat_504,,,,,,,,,x,
,,,left_nonsub_reformat_505,,,,,,,,,x,
,,,left_reformat_104,,,,,,,,,x,
,,,left_reformat_1st_pass_18,,,,,,,,,x,
,,,left_sag_1st_passMIP_Collection_18,,,,,,,,x,,
,,,left_sag_1st_passMIP_Collection_26,,,,,,,,x,,
,,,left_sag_1st_pass_20,,,,,,,,,x,
,,,left_sag_2nd_passMIP_Collection_24,,,,,,,,x,,
,,,left_sag_2nd_passMIP_Collection_28,,,,,,,,x,,
,,,left_sag_mip_2nd_pass_25,,,,,,,,x,,
,,,left_sag_mpr_100,,,,,,,,,x,
,,,left_sag_mpr_12,,,,,,,,,x,
,,,left_sag_mpr_505,,,,,,,,,x,
,,,left_sag_mpr_subtract_17,,,,,,,,,x,
,,,left_sag_reformats_26,,,,,,,,,x,
,,,left_sag_reformats_603,,,,,,,,,x,
,,,left_sag_reformats_604,,,,,,,,,x,
,,,left_sag_reformats_610,,,,,,,,,x,
,,,left_sag_sub_mpr_102,,,,,,,,,x,
,,,left_sag_sub_mpr_10505,,,,,,,,,x,
,,,left_sag_sub_reformats_10604,,,,,,,,,x,
,,,left_sag_sub_reformats_10606,,,,,,,,,x,
,,,left_sag_sub_reformats_10610,,,,,,,,,x,
,,,left_sagittal_mip_1st_subtracted_dyMIP_Collection_104,,,,,,,,x,,
,,,left_sagittal_mip_1st_subtracted_dynamic_pass_10508,,,,,,,,x,,
,,,left_sagittal_mip_2nd_subtracted_dy_106,,,,,,,,x,,
,,,left_sagittal_mip_2nd_subtracted_dynamic_pass_10511,,,,,,,,x,,
,,,left_sagittal_mpr_1st_subtracted_dy_110,,,,,,,,,x,
,,,left_sagittal_mpr_1st_unsubtracted_108,,,,,,,,,x,
,,,left_sagittal_reformat_1st_nonsubtracted_dynamic_pass_507,,,,,,,,,x,
,,,left_sagittal_reformat_1st_subtracted_dynamic_pass_10513,,,,,,,,,x,
,,,left_side_1st_pass_13,,,,,,,,,x,
,,,left_side_1st_pass_14,,,,,,,,,x,
,,,left_side_1st_pass_15,,,,,,,,,x,
,,,left_side_1st_pass_17,,,,,,,,,x,
,,,left_side_1st_pass_mip_103,,,,,,,,x,,
,,,left_side_1st_passs_mip_108,,,,,,,,x,,
,,,left_side_1ts_pass_16,,,,,,,,,x,
,,,left_side_2nd_pass_16,,,,,,,,,x,
,,,left_side_2nd_pass_17,,,,,,,,,x,
,,,left_side_2nd_pass_19,,,,,,,,,x,
,,,left_side_2nd_pass_23,,,,,,,,,x,
,,,left_side_2nd_pass_mip_105,,,,,,,,x,,
,,,left_side_3rd_pass_18,,,,,,,,,x,
,,,left_side_3rd_pass_19,,,,,,,,,x,
,,,left_side_3rd_pass_21,,,,,,,,,x,
,,,left_side_3rd_pass_25,,,,,,,,,x,
,,,left_side_4th_pass_21,,,,,,,,,x,
,,,left_side_4th_pass_23,,,,,,,,,x,
,,,left_side_4th_pass_27,,,,,,,,,x,
,,,left_side_4th_pass_28,,,,,,,,,x,
,,,left_side_hi_res_26,,,,,,,,,x,
,,,left_side_hi_res_29,,,,,,,,,x,
,,,left_side_multi_sag_2nd_pass_105,,,,,,,,,x,
,,,left_side_multi_sag_2nd_pass_107,,,,,,,,,x,
,,,left_sub_reformat_10505,,,,,,,,,x,
,,,left_sub_reformat_10508,,,,,,,,,x,
,,,left_sub_reformat_106,,,,,,,,,x,
,,,left_sub_reformat_1st_pass_20,,,,,,,,,x,
,,,left_sub_reformat_2nd_pass_24,,,,,,,,,x,
,,,left_subbed_1st_pass_mpr_10504,,,,,,,,,x,
,,,left_subbed_mpr_102,,,,,,,,,x,
,,,left_unsubbed_1st_pass_mpr_502,,,,,,,,,x,
,,,left_unsubbed_mpr_100,,,,,,,,,x,
,,,leftt_3rd__pass_19,,,,,,,,,x,
,,,loc_1,,,,,,,,,x,
,,,lt_11,,,,,,,,,x,
,,,lt_12,,,,,,,,,x,
,,,lt_13,,,,,,,,,x,
,,,lt_14,,,,,,,,,x,
,,,lt_15,,,,,,,,,x,
,,,lt_16,,,,,,,,,x,
,,,lt_sag_dyn_pre_2,,,,,,,,,x,
,,,pass_1_sub_ax_MIPMIP_Collection_107,,,,,,,,x,,
,,,pass_1_sub_left_sag_MIPMIP_Collection_110,,,,,,,,x,,
,,,pass_1_sub_left_sag_MPR_105,,,,,,,,,x,
,,,pass_1_sub_right_sag_MIPMIP_Collection_111,,,,,,,,x,,
,,,pass_1_sub_right_sag_MPR_106,,,,,,,,,x,
,,,pass_1_unsub_left_sag_MPR_102,,,,,,,,,x,
,,,pass_1_unsub_right_sag_MPR_103,,,,,,,,,x,
,,,pass_2_sub_ax_MIPMIP_Collection_112,,,,,,,,x,,
,,,pass_2_sub_left_sag_MIPMIP_Collection_113,,,,,,,,x,,
,,,pass_2_sub_right_sag_MIPMIP_Collection_114,,,,,,,,x,,
,,,pass_3_sub_108,,,,,,,,,x,
,,,pass_4_sub_109,,,,,,,,,x,
,,,right_1st_pass_100,,,,,,,,,x,
,,,right_1st_pass_503,,,,,,,,,x,
,,,right_1st_pass_mip_102,,,,,,,,x,,
,,,right_1st_pass_mip_103,,,,,,,,x,,
,,,right_1st_pass_mip_10507,,,,,,,,x,,
,,,right_1st_pass_mpr_101,,,,,,,,,x,
,,,right_1st_pass_mpr_503,,,,,,,,,x,
,,,right_1st_pass_multi_slice_sag_100,,,,,,,,,x,
,,,right_1st_pass_reformats_503,,,,,,,,,x,
,,,right_1st_pass_sub_mip_105,,,,,,,,x,,
,,,right_1st_pass_sub_mip_10506,,,,,,,,x,,
,,,right_1st_pass_sub_mip_10507,,,,,,,,x,,
,,,right_1st_pass_sub_mpr_103,,,,,,,,,x,
,,,right_1st_pass_sub_mpr_10503,,,,,,,,,x,
,,,right_1st_pass_sub_reformats_10504,,,,,,,,,x,
,,,right_1st_past_multi_slice_sag_100,,,,,,,,,x,
,,,right_2nd_passMIP_Collection_24,,,,,,,,x,,
,,,right_2nd_pass_109,,,,,,,,,x,
,,,right_2nd_pass_16,,,,,,,,,x,
,,,right_2nd_pass_19,,,,,,,,,x,
,,,right_2nd_pass_603,,,,,,,,,x,
,,,right_2nd_pass_mip_106,,,,,,,,x,,
,,,right_2nd_pass_multi_slice_sag_104,,,,,,,,,x,
,,,right_2nd_pass_pass_mip_10510,,,,,,,,x,,
,,,right_2nd_pass_sub_21,,,,,,,,,x,
,,,right_2nd_pass_sub_mip_10509,,,,,,,,x,,
,,,right_2nd_pass_sub_mip_10510,,,,,,,,x,,
,,,right_2nd_pass_sub_mip_106,,,,,,,,x,,
,,,right_3rd_pass_703,,,,,,,,,x,
,,,right_4th_pass_20,,,,,,,,,x,
,,,right__1st_pass_14,,,,,,,,,x,
,,,right__2nd__pass_16,,,,,,,,,x,
,,,right__3rd__pass_18,,,,,,,,,x,
,,,right__3rd_pass_18,,,,,,,,,x,
,,,right__4th__pass_20,,,,,,,,,x,
,,,right___1st_pass_14,,,,,,,,,x,
,,,right_breast_16,,,,,,,,,x,
,,,right_breast_4th_pass_902,,,,,,,,,x,
,,,right_breast_mip_first_pass_subMIP_Collection_105,,,,,,,,x,,
,,,right_breast_mip_second_pass_subMIP_Collection_106,,,,,,,,x,,
,,,right_breast_mpr_first_pass_sub_103,,,,,,,,,x,
,,,right_breast_mpr_first_pass_unsub_101,,,,,,,,,x,
,,,right_hi_res_25,,,,,,,,,x,
,,,right_hi_res_sag_27,,,,,,,,,x,
,,,right_mip_1st_pass_100,,,,,,,,x,,
,,,right_mip_1st_pass_10504,,,,,,,,x,,
,,,right_mip_1st_pass_10507,,,,,,,,x,,
,,,right_mip_2nd_pass_10509,,,,,,,,x,,
,,,right_mip_2nd_pass_10512,,,,,,,,x,,
,,,right_multi_sag_1st_pass_102,,,,,,,,,x,
,,,right_nonsub_reformat_505,,,,,,,,,x,
,,,right_nonsub_reformat_506,,,,,,,,,x,
,,,right_reformat_105,,,,,,,,,x,
,,,right_reformat_1st_pass_19,,,,,,,,,x,
,,,right_sag_1st_passMIP_Collection_19,,,,,,,,x,,
,,,right_sag_1st_passMIP_Collection_27,,,,,,,,x,,
,,,right_sag_1st_pass_21,,,,,,,,,x,
,,,right_sag_2nd_passMIP_Collection_25,,,,,,,,x,,
,,,right_sag_2nd_passMIP_Collection_29,,,,,,,,x,,
,,,right_sag_mip_2nd_pass_23,,,,,,,,x,,
,,,right_sag_mpr_101,,,,,,,,,x,
,,,right_sag_mpr_16,,,,,,,,,x,
,,,right_sag_mpr_504,,,,,,,,,x,
,,,right_sag_mpr_subtract_18,,,,,,,,,x,
,,,right_sag_reformats_28,,,,,,,,,x,
,,,right_sag_reformats_604,,,,,,,,,x,
,,,right_sag_reformats_605,,,,,,,,,x,
,,,right_sag_reformats_611,,,,,,,,,x,
,,,right_sag_sub_mpr_103,,,,,,,,,x,
,,,right_sag_sub_mpr_10504,,,,,,,,,x,
,,,right_sag_sub_reformats_10605,,,,,,,,,x,
,,,right_sag_sub_reformats_10609,,,,,,,,,x,
,,,right_sagittal_mip_1st_subtracted_d_103,,,,,,,,x,,
,,,right_sagittal_mip_1st_subtracted_dynamic_pass_10509,,,,,,,,x,,
,,,right_sagittal_mip_2nd_subtracted_d_107,,,,,,,,x,,
,,,right_sagittal_mip_2nd_subtracted_dynamic_pass_10512,,,,,,,,x,,
,,,right_sagittal_mpr_1st_subtracted_d_111,,,,,,,,,x,
,,,right_sagittal_mpr_1st_unsubtracted_109,,,,,,,,,x,
,,,right_sagittal_reformat_1st_nonsubtracted_dynamic_pass_508,,,,,,,,,x,
,,,right_sagittal_reformat_1st_subtracted_dynamic_pass_10514,,,,,,,,,x,
,,,right_side_1st_pass_12,,,,,,,,,x,
,,,right_side_1st_pass_13,,,,,,,,,x,
,,,right_side_1st_pass_14,,,,,,,,,x,
,,,right_side_1st_pass_16,,,,,,,,,x,
,,,right_side_2nd_pass_15,,,,,,,,,x,
,,,right_side_2nd_pass_16,,,,,,,,,x,
,,,right_side_2nd_pass_18,,,,,,,,,x,
,,,right_side_2nd_pass_22,,,,,,,,,x,
,,,right_side_2nd_pass_mip_104,,,,,,,,x,,
,,,right_side_2nd_pass_multi_sag_104,,,,,,,,,x,
,,,right_side_3rd_pass_17,,,,,,,,,x,
,,,right_side_3rd_pass_18,,,,,,,,,x,
,,,right_side_3rd_pass_20,,,,,,,,,x,
,,,right_side_3rd_pass_24,,,,,,,,,x,
,,,right_side_4th_pass_20,,,,,,,,,x,
,,,right_side_4th_pass_22,,,,,,,,,x,
,,,right_side_4th_pass_26,,,,,,,,,x,
,,,right_side_4th_pass_27,,,,,,,,,x,
,,,right_side_4th_side_27,,,,,,,,,x,
,,,right_side_hi_res_28,,,,,,,,,x,
,,,right_side_multi_slice_sag_2nd_pass_106,,,,,,,,,x,
,,,right_sub_reformat_10506,,,,,,,,,x,
,,,right_sub_reformat_10509,,,,,,,,,x,
,,,right_sub_reformat_107,,,,,,,,,x,
,,,right_sub_reformat_1st_pass_21,,,,,,,,,x,
,,,right_sub_reformat_2nd_pass_25,,,,,,,,,x,
,,,right_subbed_1st_pass_mpr_10503,,,,,,,,,x,
,,,right_subbed_mpr_103,,,,,,,,,x,
,,,right_unsubbed_1st_pass_mpr_503,,,,,,,,,x,
,,,right_unsubbed_mpr_101,,,,,,,,,x,
,,,rt_11,,,,,,,,,x,
,,,rt_12,,,,,,,,,x,
,,,rt_13,,,,,,,,,x,
,,,rt_14,,,,,,,,,x,
,,,rt_15,,,,,,,,,x,
,,,rt_16,,,,,,,,,x,
,,,rt_17,,,,,,,,,x,
,,,rt_axdyn_1rst_pass_12,,,,,,,,,x,
,,,rt_axdyn_2nd__pass_14,,,,,,,,,x,
,,,rt_axdyn_3rd_pass_15,,,,,,,,,x,
,,,rt_pre_3,,,,,,,,,x,
,,,rt_sag_dyn_13,,,,,,,,,x,
,,,rt_sag_dyn_pre_11,,,,,,,,,x,
,,,sag_bilat_views_11,,,,,,,,,x,
,,,sag_bilat_views_15,,,,,,,,,x,
,,,sag_bilat_views_18,,,,,,,,,x,
,,,sag_dyn_7,,,,,,,,,x,
,,,sag_dyn_SUB_8,,,,,,,,,x,
,,,sag_dyn_SUB_MIP_TRA_9,,,,,,,,x,,
,,,sag_dyn_needle_loc_2ND_PA_4,,,,,,,,,x,
,,,sag_dyn_needle_loc_3,,,,,,,,,x,
,,,sag_dyn_post_10,,,,,,,,,x,
,,,sag_dyn_post_2_16,,,,,,,,,x,
,,,sag_dyn_post_2_SUB_17,,,,,,,,,x,
,,,sag_dyn_post_2_SUB_MIP_TRA_18,,,,,,,,x,,
,,,sag_dyn_post_3_22,,,,,,,,,x,
,,,sag_dyn_post_3_SUB_23,,,,,,,,,x,
,,,sag_dyn_post_3_SUB_MIP_TRA_24,,,,,,,,x,,
,,,sag_dyn_post_6,,,,,,,,,x,
,,,sag_dyn_post_SUB_11,,,,,,,,,x,
,,,sag_dyn_post_SUB_MIP_TRA_12,,,,,,,,x,,
,,,sag_dyn_pre_3,,,,,,,,,x,
,,,sag_fse_fat_sat_2,,,,,,,,,x,
,,,sag_fse_fat_sat_3,,,,,,,,,x,
,,,sag_left_1st_passMIP_Collection_11,,,,,,,,x,,
,,,sag_left_1st_passMIP_Collection_13,,,,,,,,x,,
,,,sag_left_1st_pass_100,,,,,,,,,x,
,,,sag_left_1st_pass_13,,,,,,,,,x,
,,,sag_left_1st_pass_sub_102,,,,,,,,,x,
,,,sag_left_1st_pass_sub_mipMIP_Collection_104,,,,,,,,x,,
,,,sag_left_1st_subMIP_Collection_104,,,,,,,,x,,
,,,sag_left_1st_sub_mipMIP_Collection_104,,,,,,,,x,,
,,,sag_left_2nd_passMIP_Collection_16,,,,,,,,x,,
,,,sag_left_2nd_passMIP_Collection_17,,,,,,,,x,,
,,,sag_left_2nd_pass_16,,,,,,,,,x,
,,,sag_left_2nd_pass_sub_mipMIP_Collection_106,,,,,,,,x,,
,,,sag_left_2nd_subMIP_Collection_106,,,,,,,,x,,
,,,sag_left_2nd_sub_mipMIP_Collection_106,,,,,,,,x,,
,,,sag_left_3rd_passMIP_Collection_18,,,,,,,,x,,
,,,sag_left_4th_passMIP_Collection_22,,,,,,,,x,,
,,,sag_left_hires_23,,,,,,,,,x,
,,,sag_left_reformat_2nd_pass_22,,,,,,,,,x,
,,,sag_mpr_1st_pass_504,,,,,,,,,x,
,,,sag_right1st_pass_14,,,,,,,,,x,
,,,sag_right_1st_passMIP_Collection_14,,,,,,,,x,,
,,,sag_right_1st_passMIP_Collection_15,,,,,,,,x,,
,,,sag_right_1st_pass_101,,,,,,,,,x,
,,,sag_right_1st_pass_subMIP_Collection_103,,,,,,,,x,,
,,,sag_right_1st_pass_sub_103,,,,,,,,,x,
,,,sag_right_1st_pass_sub_mipMIP_Collection_105,,,,,,,,x,,
,,,sag_right_1st_subMIP_Collection_105,,,,,,,,x,,
,,,sag_right_1st_sub_mipMIP_Collection_105,,,,,,,,x,,
,,,sag_right_2nd_passMIP_Collection_17,,,,,,,,x,,
,,,sag_right_2nd_passMIP_Collection_18,,,,,,,,x,,
,,,sag_right_2nd_pass_17,,,,,,,,,x,
,,,sag_right_2nd_pass_sub_mipMIP_Collection_107,,,,,,,,x,,
,,,sag_right_2nd_subMIP_Collection_107,,,,,,,,x,,
,,,sag_right_2nd_sub_mipMIP_Collection_107,,,,,,,,x,,
,,,sag_right_3rd_passMIP_Collection_19,,,,,,,,x,,
,,,sag_right_4th_passMIP_Collection_23,,,,,,,,x,,
,,,sag_right_hires_21,,,,,,,,,x,
,,,sag_right_hires_24,,,,,,,,,x,
,,,sag_right_reformat_2nd_pass_23,,,,,,,,,x,
,,,sag_vibrant_post_11,,,,,,,,,x,
,,,sag_vibrant_post_8,,,,,,,,,x,
,,,sag_vibrant_post_9,,,,,,,,,x,
,,,second_pass_sub_ax_mipMIP_Collection_107,,,,,,,,x,,
,,,second_pass_sub_left_mipMIP_Collection_109,,,,,,,,x,,
,,,second_pass_sub_right_mipMIP_Collection_108,,,,,,,,x,,
,,,sg_right_1st_pass_sub_103,,,,,,,,,x,
,,,sga_left_hires_20,,,,,,,,,x,
,,,sub_1st_pass_5,,,,,,,,,x,
,,,sub_1st_pass_left_breast_sag_mpr_10805,,,,,,,,,x,
,,,sub_1st_pass_left_breast_sagittal_mpr_10605,,,,,,,,,x,
,,,sub_1st_pass_left_sag_mpr_10705,,,,,,,,,x,
,,,sub_1st_pass_left_sagittal_mpr_103,,,,,,,,,x,
,,,sub_1st_pass_right_breast_sag_mpr_10804,,,,,,,,,x,
,,,sub_1st_pass_right_breast_sagittal_mpr_10604,,,,,,,,,x,
,,,sub_1st_pass_right_sag_mpr_10704,,,,,,,,,x,
,,,sub_1st_pass_right_sagittal_mpr_102,,,,,,,,,x,
,,,tirm_tra_3,x,,,,,,,,,
,,,tirm_tra_4,x,,,,,,,,,
,,,tirm_tra_high_res_2,x,,,,,,,,,
,,,tirm_tra_high_res_3,x,,,,,,,,,
,,,tse_T2_tra_2,x,,,,,,,,,
,,,tse_T2_tra_3,x,,,,,,,,,
,,,tse_T2_tra_fs_2,x,,,,,,,,,
,,,tse_T2_tra_fs_4,x,,,,,,,,,
,,,unsub_1st_pass_left_breast_sag_mpr_808,,,,,,,,,x,
,,,unsub_1st_pass_left_breast_sagittal_mpr_605,,,,,,,,,x,
,,,unsub_1st_pass_left_sag_mpr_706,,,,,,,,,x,
,,,unsub_1st_pass_left_sagittal_mpr_101,,,,,,,,,x,
,,,unsub_1st_pass_right_breast_sag_mpr_807,,,,,,,,,x,
,,,unsub_1st_pass_right_breast_sagittal_mpr_604,,,,,,,,,x,
,,,unsub_1st_pass_right_sag_mpr_704,,,,,,,,,x,
,,,unsub_1st_pass_right_sagittal_mpr_100,,,,,,,,,x,